timestamp,open,high,low,close,volume
2022-10-15 00:00:00,19176.93,19227.68,19171.76,19173.58,9201.50906
2022-10-15 02:00:00,19173.58,19217.8,19133.24,19200.99,8695.02865
2022-10-15 04:00:00,19200.99,19211.98,19153.0,19175.92,7599.24901
2022-10-15 06:00:00,19175.92,19187.2,19133.16,19169.79,8598.47853
2022-10-15 08:00:00,19170.43,19176.27,19037.39,19107.75,16472.84953
2022-10-15 10:00:00,19108.28,19179.63,19093.8,19167.33,8986.45467
2022-10-15 12:00:00,19167.33,19199.0,19094.01,19168.68,11136.45298
2022-10-15 14:00:00,19168.09,19184.99,19117.08,19127.95,7674.25561
2022-10-15 16:00:00,19127.95,19163.39,19095.84,19108.47,7753.31314
2022-10-15 18:00:00,19108.47,19139.22,19052.0,19102.17,7827.31526
2022-10-15 20:00:00,19102.65,19110.74,19049.0,19068.59,6078.61354
2022-10-15 22:00:00,19067.9,19131.0,18975.18,19069.39,13824.12234
2022-10-16 00:00:00,19068.4,19170.82,19063.74,19142.51,9378.93418
2022-10-16 02:00:00,19142.51,19167.32,19101.82,19123.43,6260.49853
2022-10-16 04:00:00,19123.43,19162.82,19110.35,19150.56,8643.01401
2022-10-16 06:00:00,19150.9,19154.94,19115.0,19134.31,6463.92177
2022-10-16 08:00:00,19134.31,19195.0,19130.26,19140.89,10389.57424
2022-10-16 10:00:00,19140.59,19155.0,19087.37,19144.69,9080.6307
2022-10-16 12:00:00,19144.69,19151.3,19115.45,19127.57,7827.36895
2022-10-16 14:00:00,19127.57,19172.55,19104.16,19158.49,10783.76182
2022-10-16 16:00:00,19158.49,19168.98,19125.53,19132.13,7770.81213
2022-10-16 18:00:00,19131.6,19383.44,19118.4,19375.39,15655.05763
2022-10-16 20:00:00,19375.39,19425.84,19101.0,19148.25,19023.26524
2022-10-16 22:00:00,19148.25,19367.04,19116.85,19262.98,20617.77965
2022-10-17 00:00:00,19262.98,19309.06,19168.87,19177.47,13126.05402
2022-10-17 02:00:00,19177.47,19212.22,19152.03,19186.38,9192.31477
2022-10-17 04:00:00,19186.38,19284.61,19161.03,19272.2,11085.53305
2022-10-17 06:00:00,19272.2,19318.28,19223.65,19295.58,16198.94429
2022-10-17 08:00:00,19295.58,19366.6,19244.03,19336.64,15277.31145
2022-10-17 10:00:00,19336.64,19545.22,19336.48,19457.58,26029.06643
2022-10-17 12:00:00,19457.58,19676.96,19419.6,19586.22,35099.95935
2022-10-17 14:00:00,19587.65,19650.0,19430.0,19535.19,34068.018
2022-10-17 16:00:00,19535.19,19592.55,19456.49,19521.21,21124.28378
2022-10-17 18:00:00,19521.21,19557.05,19441.87,19526.84,16363.61101
2022-10-17 20:00:00,19527.66,19557.95,19489.62,19514.57,9288.69491
2022-10-17 22:00:00,19514.57,19626.91,19471.8,19549.86,15960.08528
2022-10-18 00:00:00,19548.48,19624.03,19506.73,19536.16,14786.09627
2022-10-18 02:00:00,19536.0,19575.57,19480.0,19547.9,14480.57495
2022-10-18 04:00:00,19548.68,19614.28,19536.61,19553.5,14821.32503
2022-10-18 06:00:00,19553.5,19706.66,19524.37,19664.92,23146.19034
2022-10-18 08:00:00,19665.95,19673.0,19470.0,19528.61,24875.5499
2022-10-18 10:00:00,19528.61,19605.9,19502.98,19563.59,16014.9001
2022-10-18 12:00:00,19563.59,19680.49,19527.86,19542.79,25857.40812
2022-10-18 14:00:00,19544.77,19575.34,19280.11,19375.01,41653.36679
2022-10-18 16:00:00,19375.71,19442.0,19345.56,19406.73,22220.39292
2022-10-18 18:00:00,19407.67,19412.94,19091.0,19216.21,30430.16064
2022-10-18 20:00:00,19217.79,19433.43,19195.44,19293.62,19926.8267
2022-10-18 22:00:00,19293.62,19371.05,19255.53,19327.44,12100.28672
2022-10-19 00:00:00,19327.44,19360.16,19213.99,19312.35,14567.76258
2022-10-19 02:00:00,19311.47,19320.47,19248.06,19281.63,10270.35283
2022-10-19 04:00:00,19281.01,19308.34,19235.01,19255.11,12249.99579
2022-10-19 06:00:00,19254.29,19280.0,19146.8,19218.11,18588.3195
2022-10-19 08:00:00,19218.59,19281.81,19147.31,19268.16,14514.94236
2022-10-19 10:00:00,19268.16,19276.28,19140.01,19200.84,15281.89924
2022-10-19 12:00:00,19201.42,19250.0,19065.97,19123.8,23417.95343
2022-10-19 14:00:00,19124.71,19301.69,19100.01,19266.43,26002.83455
2022-10-19 16:00:00,19267.94,19279.31,19095.0,19183.19,18040.37156
2022-10-19 18:00:00,19183.19,19233.72,19152.37,19232.59,12347.20257
2022-10-19 20:00:00,19231.63,19249.51,19134.39,19194.37,9207.7046
2022-10-19 22:00:00,19194.37,19199.5,19084.23,19123.97,11647.95637
2022-10-20 00:00:00,19123.35,19165.34,18900.0,19047.02,20139.72665
2022-10-20 02:00:00,19047.02,19082.91,19014.03,19042.09,9684.24114
2022-10-20 04:00:00,19043.2,19210.0,19037.66,19141.23,17907.86079
2022-10-20 06:00:00,19140.67,19167.95,19092.95,19145.94,13750.06304
2022-10-20 08:00:00,19145.1,19195.31,19105.99,19185.79,12160.14835
2022-10-20 10:00:00,19186.29,19253.33,19131.79,19208.09,18010.78855
2022-10-20 12:00:00,19208.09,19282.68,19128.24,19173.18,27533.67689
2022-10-20 14:00:00,19173.06,19347.82,19168.63,19253.3,24564.56512
2022-10-20 16:00:00,19253.88,19256.55,19063.89,19099.11,26338.62541
2022-10-20 18:00:00,19099.3,19117.87,18964.02,19063.82,26693.57831
2022-10-20 20:00:00,19063.04,19098.0,18929.38,19073.92,15143.05395
2022-10-20 22:00:00,19073.92,19094.44,18979.17,19041.92,11603.80248
2022-10-21 00:00:00,19041.92,19074.4,18999.0,19065.24,13787.01941
2022-10-21 02:00:00,19065.86,19131.39,19043.52,19051.77,11417.48884
2022-10-21 04:00:00,19051.19,19082.4,19025.0,19043.53,11171.04545
2022-10-21 06:00:00,19043.53,19084.17,18991.69,19027.86,13995.70735
2022-10-21 08:00:00,19028.68,19041.96,18900.0,19011.0,23685.66371
2022-10-21 10:00:00,19011.0,19018.52,18940.78,18945.65,16355.4554
2022-10-21 12:00:00,18944.99,19083.14,18650.0,19065.36,57716.97695
2022-10-21 14:00:00,19064.5,19174.16,18937.5,19168.25,45983.47591
2022-10-21 16:00:00,19168.44,19229.0,19089.0,19150.98,31539.72246
2022-10-21 18:00:00,19150.98,19250.0,19120.35,19189.22,23560.22529
2022-10-21 20:00:00,19189.22,19249.73,19137.68,19153.8,11944.81428
2022-10-21 22:00:00,19154.12,19193.48,19153.22,19164.37,8153.16264
2022-10-22 00:00:00,19164.37,19183.39,19145.3,19155.82,8500.61426
2022-10-22 02:00:00,19155.82,19164.54,19112.72,19151.22,9104.37578
2022-10-22 04:00:00,19150.36,19163.25,19137.36,19141.13,6801.7311
2022-10-22 06:00:00,19140.56,19177.01,19132.71,19163.58,7597.45709
2022-10-22 08:00:00,19163.58,19176.94,19140.0,19142.66,8591.56808
2022-10-22 10:00:00,19142.66,19188.0,19140.57,19178.66,8577.44202
2022-10-22 12:00:00,19178.99,19257.0,19155.0,19196.56,14981.116
2022-10-22 14:00:00,19196.56,19257.0,19195.83,19235.65,12001.91409
2022-10-22 16:00:00,19234.8,19248.85,19140.3,19152.02,12668.97307
2022-10-22 18:00:00,19152.05,19188.92,19134.0,19183.83,8938.15055
2022-10-22 20:00:00,19183.83,19224.99,19173.79,19201.97,6659.77279
2022-10-22 22:00:00,19201.97,19208.9,19183.77,19204.35,5980.79354
2022-10-23 00:00:00,19204.29,19219.76,19163.32,19179.22,6998.86986
2022-10-23 02:00:00,19179.22,19208.53,19175.0,19197.59,7761.26908
2022-10-23 04:00:00,19197.55,19221.71,19170.0,19178.98,8837.65043
2022-10-23 06:00:00,19178.98,19188.5,19148.01,19162.37,7956.56432
2022-10-23 08:00:00,19162.16,19188.7,19150.0,19184.13,6236.08103
2022-10-23 10:00:00,19184.13,19188.08,19125.63,19151.78,9235.01264
2022-10-23 12:00:00,19151.24,19180.31,19070.11,19176.27,11694.71707
2022-10-23 14:00:00,19176.27,19213.14,19173.61,19190.14,10429.57969
2022-10-23 16:00:00,19190.14,19500.0,19169.18,19476.02,21328.2435
2022-10-23 18:00:00,19474.75,19553.96,19399.65,19499.83,26522.90997
2022-10-23 20:00:00,19500.38,19599.0,19441.96,19538.12,15790.41135
2022-10-23 22:00:00,19538.12,19695.0,19517.93,19570.4,34265.8929
2022-10-24 00:00:00,19570.4,19601.15,19366.0,19412.47,27768.80347
2022-10-24 02:00:00,19411.49,19477.45,19342.33,19391.97,18457.3816
2022-10-24 04:00:00,19391.97,19392.41,19260.0,19336.43,18558.94167
2022-10-24 06:00:00,19335.76,19366.0,19250.59,19322.4,26562.57577
2022-10-24 08:00:00,19322.4,19405.43,19292.3,19382.51,16818.83802
2022-10-24 10:00:00,19381.48,19444.44,19362.13,19423.63,21859.34593
2022-10-24 12:00:00,19422.9,19450.9,19294.33,19352.4,33953.80234
2022-10-24 14:00:00,19352.4,19356.56,19157.0,19301.96,37189.2438
2022-10-24 16:00:00,19301.96,19318.64,19223.0,19285.52,15799.63534
2022-10-24 18:00:00,19284.65,19425.05,19281.85,19343.23,17790.37896
2022-10-24 20:00:00,19343.95,19419.15,19301.11,19366.42,12139.65145
2022-10-24 22:00:00,19366.42,19373.95,19303.2,19329.72,9269.54632
2022-10-25 00:00:00,19330.6,19339.6,19250.0,19297.63,13528.35189
2022-10-25 02:00:00,19298.15,19365.32,19276.38,19342.02,9361.25425
2022-10-25 04:00:00,19342.41,19377.1,19290.36,19336.61,8897.24006
2022-10-25 06:00:00,19336.61,19366.31,19272.85,19306.75,12791.35746
2022-10-25 08:00:00,19306.34,19322.42,19255.04,19265.57,11757.14998
2022-10-25 10:00:00,19265.57,19327.16,19237.0,19302.13,11999.7173
2022-10-25 12:00:00,19301.39,19526.17,19260.82,19478.39,35119.37903
2022-10-25 14:00:00,19478.39,19811.0,19445.0,19748.48,52838.5371
2022-10-25 16:00:00,19748.48,20192.97,19718.0,20118.55,64862.54962
2022-10-25 18:00:00,20118.55,20415.87,20078.23,20273.14,54234.56031
2022-10-25 20:00:00,20276.26,20296.92,20007.0,20232.3,33360.76339
2022-10-25 22:00:00,20231.0,20235.41,19981.12,20080.07,17619.81022
2022-10-26 00:00:00,20079.02,20293.78,20050.41,20230.32,25434.90521
2022-10-26 02:00:00,20230.32,20308.0,20172.59,20251.17,19755.24879
2022-10-26 04:00:00,20250.55,20276.77,20129.24,20187.92,19399.187
2022-10-26 06:00:00,20187.92,20382.56,20168.57,20344.76,29122.64866
2022-10-26 08:00:00,20344.05,20783.27,20281.79,20593.69,46909.51661
2022-10-26 10:00:00,20594.85,20749.68,20537.8,20607.81,27608.13641
2022-10-26 12:00:00,20606.86,20622.0,20338.75,20552.69,40435.19275
2022-10-26 14:00:00,20552.69,21020.0,20551.74,20846.66,68202.07189
2022-10-26 16:00:00,20846.66,20997.13,20669.25,20823.72,38615.33802
2022-10-26 18:00:00,20822.6,20869.18,20639.98,20763.54,26160.76057
2022-10-26 20:00:00,20764.52,20852.94,20694.28,20739.38,18028.94139
2022-10-26 22:00:00,20739.38,20907.0,20700.0,20771.59,20820.74846
2022-10-27 00:00:00,20771.61,20847.9,20700.62,20725.62,18806.00444
2022-10-27 02:00:00,20724.54,20796.51,20581.49,20755.33,22288.38598
2022-10-27 04:00:00,20755.9,20872.21,20735.28,20804.0,17319.08512
2022-10-27 06:00:00,20803.58,20836.0,20680.72,20710.02,22625.87409
2022-10-27 08:00:00,20711.12,20750.9,20521.0,20611.29,24129.5646
2022-10-27 10:00:00,20610.5,20633.0,20451.71,20622.84,27586.4837
2022-10-27 12:00:00,20622.11,20780.0,20430.0,20524.54,51351.25712
2022-10-27 14:00:00,20524.54,20730.0,20496.6,20563.09,40172.19466
2022-10-27 16:00:00,20564.08,20647.49,20497.62,20583.69,21913.75528
2022-10-27 18:00:00,20583.69,20679.51,20550.0,20629.59,17219.62469
2022-10-27 20:00:00,20629.59,20637.9,20220.0,20407.45,42530.07124
2022-10-27 22:00:00,20408.33,20426.03,20200.0,20295.11,22701.27699
2022-10-28 00:00:00,20295.11,20337.8,20160.0,20321.95,23771.16728
2022-10-28 02:00:00,20322.92,20323.32,20183.0,20292.81,17827.47453
2022-10-28 04:00:00,20292.77,20308.0,20218.78,20287.01,14188.63657
2022-10-28 06:00:00,20287.01,20312.32,20060.0,20080.01,24922.90747
2022-10-28 08:00:00,20080.01,20233.33,20026.0,20203.48,26403.99876
2022-10-28 10:00:00,20203.48,20248.64,20116.55,20173.74,18265.43874
2022-10-28 12:00:00,20174.0,20588.88,20000.09,20470.6,47430.62882
2022-10-28 14:00:00,20471.97,20565.02,20329.71,20484.59,38269.61363
2022-10-28 16:00:00,20483.96,20750.0,20450.5,20629.63,33997.54636
2022-10-28 18:00:00,20629.63,20667.0,20542.0,20609.21,18125.01082
2022-10-28 20:00:00,20609.21,20735.86,20566.0,20596.44,14853.04306
2022-10-28 22:00:00,20595.67,20638.07,20575.77,20591.84,8984.47965
2022-10-29 00:00:00,20591.84,20642.24,20554.01,20628.57,10640.82144
2022-10-29 02:00:00,20628.31,20823.81,20624.54,20754.27,21226.73387
2022-10-29 04:00:00,20754.27,20771.88,20620.81,20655.56,15270.10357
2022-10-29 06:00:00,20655.56,20777.0,20647.89,20772.27,14396.43266
2022-10-29 08:00:00,20772.27,20985.25,20721.31,20955.25,34846.9908
2022-10-29 10:00:00,20955.25,21085.0,20650.21,20698.89,34683.74235
2022-10-29 12:00:00,20698.06,20785.93,20676.54,20779.75,19919.60423
2022-10-29 14:00:00,20779.75,20947.0,20754.28,20923.33,30463.43523
2022-10-29 16:00:00,20922.25,20982.86,20777.0,20808.78,28583.17489
2022-10-29 18:00:00,20809.7,20873.57,20757.26,20836.96,18288.61218
2022-10-29 20:00:00,20836.96,20899.99,20821.32,20846.18,10706.64864
2022-10-29 22:00:00,20845.62,20865.0,20704.12,20809.67,15855.47769
2022-10-30 00:00:00,20809.68,20841.11,20701.15,20778.35,13199.34617
2022-10-30 02:00:00,20778.35,20804.2,20743.25,20775.5,11697.99613
2022-10-30 04:00:00,20775.5,20808.04,20741.32,20805.06,11181.15221
2022-10-30 06:00:00,20803.86,20931.21,20790.03,20850.85,20655.99582
2022-10-30 08:00:00,20850.84,20887.34,20635.0,20694.58,23708.41771
2022-10-30 10:00:00,20693.32,20788.83,20632.73,20769.84,18177.67383
2022-10-30 12:00:00,20770.81,20781.5,20589.18,20646.61,18764.41297
2022-10-30 14:00:00,20646.61,20745.0,20622.61,20676.7,16185.62526
2022-10-30 16:00:00,20676.72,20700.91,20550.0,20657.96,19740.68963
2022-10-30 18:00:00,20657.96,20700.0,20633.6,20647.49,10474.24972
2022-10-30 20:00:00,20647.77,20739.0,20646.6,20688.82,9541.78296
2022-10-30 22:00:00,20688.83,20695.79,20515.0,20627.48,19468.26645
2022-10-31 00:00:00,20627.48,20675.0,20454.55,20522.89,21246.10713
2022-10-31 02:00:00,20522.89,20542.71,20427.23,20516.07,17591.7829
2022-10-31 04:00:00,20516.07,20593.0,20508.6,20543.51,13613.76975
2022-10-31 06:00:00,20542.58,20564.27,20455.0,20546.65,15858.0656
2022-10-31 08:00:00,20547.08,20736.54,20449.86,20714.01,26047.17978
2022-10-31 10:00:00,20714.89,20845.92,20686.5,20730.54,30673.96936
2022-10-31 12:00:00,20731.53,20755.73,20300.0,20336.29,41214.11081
2022-10-31 14:00:00,20333.74,20465.99,20237.95,20401.53,50548.24316
2022-10-31 16:00:00,20402.6,20533.0,20328.68,20373.64,32816.25187
2022-10-31 18:00:00,20373.64,20468.89,20356.0,20371.72,23744.30602
2022-10-31 20:00:00,20371.4,20441.99,20353.77,20406.58,11631.4848
2022-10-31 22:00:00,20407.46,20524.76,20375.11,20490.74,18582.3451
2022-11-01 00:00:00,20490.74,20559.27,20440.64,20514.66,21804.17352
2022-11-01 02:00:00,20514.66,20589.67,20475.77,20482.57,20726.0139
2022-11-01 04:00:00,20482.57,20555.21,20466.71,20530.41,16977.34496
2022-11-01 06:00:00,20530.41,20662.8,20525.21,20599.51,24720.02447
2022-11-01 08:00:00,20598.74,20700.0,20545.45,20597.4,25162.94871
2022-11-01 10:00:00,20597.4,20655.0,20489.92,20522.79,28205.57691
2022-11-01 12:00:00,20522.23,20570.07,20353.9,20422.02,34374.04057
2022-11-01 14:00:00,20420.54,20483.62,20330.74,20444.0,39351.80312
2022-11-01 16:00:00,20444.0,20517.77,20372.85,20439.83,26164.97923
2022-11-01 18:00:00,20439.83,20501.48,20407.7,20451.45,18954.35493
2022-11-01 20:00:00,20449.29,20495.29,20429.35,20454.78,9954.1305
2022-11-01 22:00:00,20455.92,20503.51,20431.65,20483.62,13537.04689
2022-11-02 00:00:00,20482.81,20540.7,20407.66,20504.94,19397.91974
2022-11-02 02:00:00,20504.24,20558.35,20457.62,20520.34,16338.21105
2022-11-02 04:00:00,20520.34,20563.36,20477.02,20487.39,18451.2597
2022-11-02 06:00:00,20487.39,20493.37,20356.75,20421.64,21756.06835
2022-11-02 08:00:00,20421.64,20539.9,20408.14,20467.76,21257.25552
2022-11-02 10:00:00,20468.06,20472.82,20339.99,20431.33,22169.78207
2022-11-02 12:00:00,20432.38,20447.99,20360.0,20398.99,27648.30752
2022-11-02 14:00:00,20398.99,20457.29,20393.42,20409.03,21440.83365
2022-11-02 16:00:00,20409.03,20548.31,20355.37,20436.67,30193.28605
2022-11-02 18:00:00,20438.28,20800.0,20048.04,20250.68,122173.91265
2022-11-02 20:00:00,20250.68,20282.6,20060.08,20152.03,32397.01583
2022-11-02 22:00:00,20152.03,20173.44,20059.94,20151.84,20492.42086
2022-11-03 00:00:00,20151.84,20339.41,20120.0,20306.0,25523.50085
2022-11-03 02:00:00,20304.95,20339.99,20275.28,20310.63,19762.86243
2022-11-03 04:00:00,20310.63,20393.32,20309.74,20377.49,17978.93876
2022-11-03 06:00:00,20377.49,20386.37,20281.01,20303.09,21656.80373
2022-11-03 08:00:00,20302.35,20335.0,20250.9,20318.94,24741.05007
2022-11-03 10:00:00,20318.96,20338.99,20052.0,20130.64,32490.68918
2022-11-03 12:00:00,20129.8,20217.39,20031.24,20108.92,42993.90764
2022-11-03 14:00:00,20107.87,20339.86,20087.23,20248.62,50120.94163
2022-11-03 16:00:00,20249.18,20315.8,20221.26,20226.18,26463.3825
2022-11-03 18:00:00,20226.18,20279.0,20177.1,20262.53,21915.86674
2022-11-03 20:00:00,20262.53,20269.76,20218.02,20259.36,12403.02261
2022-11-03 22:00:00,20259.57,20271.0,20157.86,20207.82,23134.18826
2022-11-04 00:00:00,20207.12,20319.33,20180.96,20287.09,23789.04674
2022-11-04 02:00:00,20287.46,20330.87,20273.52,20321.79,19283.72318
2022-11-04 04:00:00,20321.79,20490.1,20306.58,20444.0,26468.78795
2022-11-04 06:00:00,20444.79,20688.0,20443.75,20611.56,42231.71619
2022-11-04 08:00:00,20611.56,20658.57,20567.33,20569.3,29660.02219
2022-11-04 10:00:00,20570.02,20681.91,20546.0,20558.46,31369.28243
2022-11-04 12:00:00,20558.03,20888.93,20350.0,20760.25,79739.34073
2022-11-04 14:00:00,20760.25,21302.05,20742.52,20838.7,67792.72313
2022-11-04 16:00:00,20837.54,20903.74,20669.57,20774.22,51305.67277
2022-11-04 18:00:00,20773.94,21115.48,20715.64,21108.54,43590.58534
2022-11-04 20:00:00,21108.54,21200.0,21048.63,21169.95,21564.21677
2022-11-04 22:00:00,21169.95,21209.16,21128.32,21148.52,16899.27423
2022-11-05 00:00:00,21148.52,21460.01,21080.65,21364.81,35328.3404
2022-11-05 02:00:00,21365.92,21480.65,21345.0,21444.61,24690.19795
2022-11-05 04:00:00,21445.19,21467.93,21364.34,21389.9,19349.6877
2022-11-05 06:00:00,21389.9,21443.8,21372.33,21384.42,17118.50023
2022-11-05 08:00:00,21384.92,21391.51,21234.9,21290.65,25260.83419
2022-11-05 10:00:00,21289.82,21427.34,21280.0,21404.63,20926.71341
2022-11-05 12:00:00,21404.63,21420.84,21249.17,21271.45,19416.79851
2022-11-05 14:00:00,21271.94,21354.42,21210.98,21299.22,24393.92672
2022-11-05 16:00:00,21299.22,21345.0,21269.22,21319.29,18583.93164
2022-11-05 18:00:00,21319.29,21345.08,21261.56,21331.11,15134.05985
2022-11-05 20:00:00,21330.58,21380.0,21321.87,21335.35,9006.26327
2022-11-05 22:00:00,21335.18,21346.91,21233.33,21299.37,16412.73138
2022-11-06 00:00:00,21299.37,21365.27,21190.0,21197.33,21655.23325
2022-11-06 02:00:00,21197.33,21280.64,21189.44,21233.88,15444.63431
2022-11-06 04:00:00,21234.44,21252.54,21143.27,21155.41,13671.16969
2022-11-06 06:00:00,21154.86,21206.0,21144.92,21194.49,14848.65683
2022-11-06 08:00:00,21193.88,21310.0,21173.03,21241.2,20375.55764
2022-11-06 10:00:00,21240.37,21280.0,21178.01,21255.08,17971.15569
2022-11-06 12:00:00,21254.8,21269.99,21206.62,21220.48,15928.56903
2022-11-06 14:00:00,21219.92,21289.49,21190.81,21241.1,20554.78132
2022-11-06 16:00:00,21241.85,21282.19,21152.46,21247.11,24445.1601
2022-11-06 18:00:00,21247.11,21252.74,21170.0,21194.5,17571.11686
2022-11-06 20:00:00,21194.5,21211.62,21110.56,21127.33,14419.32382
2022-11-06 22:00:00,21126.89,21175.7,20886.13,20905.58,33151.61363
2022-11-07 00:00:00,20905.58,21004.23,20820.0,20985.62,36785.94238
2022-11-07 02:00:00,20986.4,21069.77,20878.0,20913.82,26635.74344
2022-11-07 04:00:00,20913.82,20918.33,20818.65,20858.95,22859.09423
2022-11-07 06:00:00,20858.95,20909.72,20612.67,20635.74,41252.08304
2022-11-07 08:00:00,20635.1,20757.81,20571.52,20681.13,38875.11946
2022-11-07 10:00:00,20682.15,20811.92,20674.0,20733.46,25250.25553
2022-11-07 12:00:00,20733.97,20798.74,20688.28,20721.5,31876.57719
2022-11-07 14:00:00,20720.72,20776.15,20626.25,20764.95,49629.21309
2022-11-07 16:00:00,20764.95,20803.41,20652.52,20703.0,29680.66222
2022-11-07 18:00:00,20702.6,20892.04,20685.02,20847.51,28313.21173
2022-11-07 20:00:00,20848.33,20890.71,20616.34,20681.03,26654.46918
2022-11-07 22:00:00,20681.97,20685.0,20384.89,20591.13,29165.23188
2022-11-08 00:00:00,20590.67,20638.15,20494.53,20628.76,25619.31116
2022-11-08 02:00:00,20628.76,20673.38,20116.13,20148.66,55586.52057
2022-11-08 04:00:00,20147.62,20242.4,19344.0,19704.38,99395.21429
2022-11-08 06:00:00,19704.38,19856.08,19650.0,19796.9,44155.05749
2022-11-08 08:00:00,19796.9,19801.39,19663.03,19776.33,31999.68656
2022-11-08 10:00:00,19775.8,19786.31,19580.33,19699.04,29367.82056
2022-11-08 12:00:00,19699.04,19746.78,19500.01,19554.76,28819.20474
2022-11-08 14:00:00,19554.76,19650.0,19229.0,19520.97,68308.54005
2022-11-08 16:00:00,19522.0,20700.88,19324.99,19342.67,119786.38942
2022-11-08 18:00:00,19342.67,19550.0,17166.83,18256.64,164925.304793
2022-11-08 20:00:00,18255.24,18719.73,17810.49,18702.22,64094.20663
2022-11-08 22:00:00,18700.79,18730.0,18370.0,18547.23,28648.10652
2022-11-09 00:00:00,18545.38,18587.76,18293.36,18322.44,42647.41478
2022-11-09 02:00:00,18321.46,18428.3,18000.0,18313.68,48786.50921
2022-11-09 04:00:00,18313.68,18517.58,18173.09,18401.15,40775.91871
2022-11-09 06:00:00,18401.15,18459.79,18202.59,18240.72,33084.2902
2022-11-09 08:00:00,18239.34,18256.85,17623.04,17763.99,69602.58201
2022-11-09 10:00:00,17763.68,17884.0,17250.33,17818.08,82840.80534
2022-11-09 12:00:00,17817.07,18015.0,17298.9,17582.24,68553.84829
2022-11-09 14:00:00,17582.24,17834.99,16918.83,17116.08,86473.925224
2022-11-09 16:00:00,17119.61,17333.33,16800.0,16957.66,73890.848625
2022-11-09 18:00:00,16954.94,17025.18,16441.53,16784.64,63554.365318
2022-11-09 20:00:00,16784.64,16900.0,15671.0,15751.13,71808.337502
2022-11-09 22:00:00,15747.69,16095.0,15588.0,15922.81,49908.08452
2022-11-10 00:00:00,15922.68,16445.46,15754.26,16140.29,65212.90889
2022-11-10 02:00:00,16140.29,16574.92,16044.67,16369.59,50204.07916
2022-11-10 04:00:00,16370.64,16785.0,16204.36,16726.59,43517.4193
2022-11-10 06:00:00,16726.58,16920.0,16618.87,16752.1,42512.70053
2022-11-10 08:00:00,16752.36,16959.99,16475.02,16694.14,46449.43246
2022-11-10 10:00:00,16694.14,16744.6,16258.74,16397.57,46952.49062
2022-11-10 12:00:00,16399.03,17800.0,16386.66,17650.93,89611.64795
2022-11-10 14:00:00,17653.24,17960.04,17383.62,17554.06,67215.1222
2022-11-10 16:00:00,17556.12,17989.0,17120.94,17197.23,57602.90415
2022-11-10 18:00:00,17197.23,17500.0,17180.0,17455.62,33337.32498
2022-11-10 20:00:00,17456.98,18199.0,17374.81,17858.67,42588.31176
2022-11-10 22:00:00,17856.17,17892.74,17478.0,17601.15,23244.02232
2022-11-11 00:00:00,17602.45,17695.0,17202.38,17269.21,33748.40729
2022-11-11 02:00:00,17269.21,17362.01,16888.76,17064.12,40970.45066
2022-11-11 04:00:00,17064.12,17398.0,17002.97,17357.62,31423.55018
2022-11-11 06:00:00,17359.45,17483.9,17153.84,17404.08,29998.56795
2022-11-11 08:00:00,17404.09,17537.0,17271.21,17392.14,26723.03809
2022-11-11 10:00:00,17392.14,17467.6,17209.2,17350.7,22021.8484
2022-11-11 12:00:00,17349.45,17544.9,17258.23,17303.82,26109.83611
2022-11-11 14:00:00,17303.39,17328.0,16361.6,16871.27,82916.00038
2022-11-11 16:00:00,16871.27,16963.71,16543.95,16909.31,33075.49202
2022-11-11 18:00:00,16909.31,17045.09,16672.29,16849.17,24056.00288
2022-11-11 20:00:00,16849.17,16900.0,16555.77,16803.15,23288.85492
2022-11-11 22:00:00,16804.07,17148.96,16790.0,17070.31,19220.81604
2022-11-12 00:00:00,17069.98,17119.1,16801.17,16894.43,18833.2114
2022-11-12 02:00:00,16893.43,17001.98,16774.0,16907.44,14986.492
2022-11-12 04:00:00,16907.58,16938.2,16631.39,16703.62,23385.29509
2022-11-12 06:00:00,16701.86,16872.86,16676.72,16822.02,17634.1657
2022-11-12 08:00:00,16822.02,16905.85,16727.13,16863.98,16020.80976
2022-11-12 10:00:00,16864.46,16977.45,16790.3,16866.92,15181.6398
2022-11-12 12:00:00,16866.46,16918.29,16757.0,16840.79,12211.00645
2022-11-12 14:00:00,16839.75,16996.35,16799.28,16935.74,15623.0547
2022-11-12 16:00:00,16935.74,16964.37,16857.47,16891.69,10173.30945
2022-11-12 18:00:00,16891.69,16902.03,16830.0,16891.32,8039.8503
2022-11-12 20:00:00,16892.41,16897.68,16767.73,16819.64,8324.04703
2022-11-12 22:00:00,16818.73,16858.04,16760.0,16812.08,7407.07867
2022-11-13 00:00:00,16813.16,16905.9,16774.07,16879.34,9071.03317
2022-11-13 02:00:00,16878.63,16954.28,16856.99,16914.6,10660.57788
2022-11-13 04:00:00,16915.02,16926.15,16837.18,16853.68,8692.04474
2022-11-13 06:00:00,16853.68,16867.88,16562.82,16774.99,22278.21488
2022-11-13 08:00:00,16774.99,16795.92,16435.23,16538.58,22286.29797
2022-11-13 10:00:00,16538.58,16728.12,16508.01,16659.23,17597.17232
2022-11-13 12:00:00,16659.23,16707.08,16590.02,16669.53,14917.46532
2022-11-13 14:00:00,16669.53,16714.26,16517.85,16580.79,18169.01544
2022-11-13 16:00:00,16579.49,16621.23,16463.68,16551.89,15710.26976
2022-11-13 18:00:00,16551.44,16579.58,16461.16,16554.6,12724.17548
2022-11-13 20:00:00,16553.35,16583.15,16229.0,16390.67,20163.44424
2022-11-13 22:00:00,16391.66,16479.0,16276.2,16329.85,12691.07726
2022-11-14 00:00:00,16331.78,16411.99,16000.0,16090.87,28584.18562
2022-11-14 02:00:00,16090.87,16223.23,15911.61,16139.79,24437.33772
2022-11-14 04:00:00,16140.66,16147.54,15815.21,15863.31,27638.44789
2022-11-14 06:00:00,15863.25,16889.97,15847.54,16824.78,60304.02129
2022-11-14 08:00:00,16822.96,16935.59,16640.01,16752.98,33401.84992
2022-11-14 10:00:00,16752.99,16886.53,16709.42,16749.8,21153.58837
2022-11-14 12:00:00,16748.75,17190.0,16502.0,16729.9,49288.55712
2022-11-14 14:00:00,16729.9,16806.6,16425.67,16595.84,41113.41182
2022-11-14 16:00:00,16593.77,16625.34,16356.71,16582.52,27391.64552
2022-11-14 18:00:00,16582.52,16674.97,16181.0,16258.21,23784.45684
2022-11-14 20:00:00,16258.21,16419.99,16191.58,16406.43,21869.98984
2022-11-14 22:00:00,16407.87,16765.0,16355.98,16619.46,21243.28555
2022-11-15 00:00:00,16617.72,16809.0,16527.72,16716.7,22464.83383
2022-11-15 02:00:00,16716.7,16894.56,16683.0,16823.06,19282.62019
2022-11-15 04:00:00,16823.06,16857.85,16638.59,16657.75,16479.34553
2022-11-15 06:00:00,16657.74,16946.32,16651.85,16844.63,21537.65991
2022-11-15 08:00:00,16845.34,16989.0,16731.58,16797.92,24998.09835
2022-11-15 10:00:00,16797.92,16969.02,16708.31,16781.62,21987.16491
2022-11-15 12:00:00,16783.27,17134.69,16730.0,17012.53,30809.61194
2022-11-15 14:00:00,17014.31,17088.0,16815.08,16987.03,33859.35082
2022-11-15 16:00:00,16988.07,17071.43,16918.71,16999.24,24823.37176
2022-11-15 18:00:00,16999.24,17013.08,16614.61,16858.77,35237.42607
2022-11-15 20:00:00,16858.77,16939.99,16736.47,16911.12,19797.78656
2022-11-15 22:00:00,16911.1,16913.56,16835.58,16900.57,11184.57404
2022-11-16 00:00:00,16900.57,16935.39,16765.64,16859.19,18360.62062
2022-11-16 02:00:00,16859.19,17015.92,16822.43,16969.99,18449.0697
2022-11-16 04:00:00,16970.87,16979.22,16877.04,16922.11,16308.41666
2022-11-16 06:00:00,16922.11,16939.88,16796.2,16824.69,22858.64858
2022-11-16 08:00:00,16824.69,16850.27,16670.43,16744.33,24721.35148
2022-11-16 10:00:00,16744.33,16779.0,16650.29,16707.9,20196.68693
2022-11-16 12:00:00,16706.64,16721.23,16449.41,16513.61,39126.07709
2022-11-16 14:00:00,16512.86,16580.26,16378.61,16431.7,36948.06057
2022-11-16 16:00:00,16431.7,16636.29,16401.0,16577.01,20882.91549
2022-11-16 18:00:00,16577.97,16643.23,16452.07,16556.88,14880.76634
2022-11-16 20:00:00,16558.2,16616.04,16522.24,16549.79,11826.53909
2022-11-16 22:00:00,16549.79,16773.09,16499.46,16662.76,16934.25554
2022-11-17 00:00:00,16661.61,16751.0,16654.0,16694.3,15481.59172
2022-11-17 02:00:00,16694.3,16704.98,16505.0,16526.18,16985.0822
2022-11-17 04:00:00,16526.18,16618.27,16410.74,16578.36,18002.94219
2022-11-17 06:00:00,16579.77,16624.12,16533.95,16611.9,20578.66297
2022-11-17 08:00:00,16611.9,16635.82,16471.36,16522.75,20212.57021
2022-11-17 10:00:00,16522.19,16615.99,16500.16,16595.08,16774.71254
2022-11-17 12:00:00,16594.19,16604.71,16430.0,16492.5,22627.34108
2022-11-17 14:00:00,16492.5,16717.49,16458.09,16536.71,30833.96742
2022-11-17 16:00:00,16534.61,16707.7,16517.36,16693.4,24993.19526
2022-11-17 18:00:00,16693.4,16748.94,16602.41,16620.56,16318.11115
2022-11-17 20:00:00,16620.56,16749.0,16608.98,16694.55,12945.38012
2022-11-17 22:00:00,16694.55,16735.0,16650.49,16692.56,12285.42187
2022-11-18 00:00:00,16692.56,17011.0,16682.06,16889.82,30456.5741
2022-11-18 02:00:00,16889.82,16980.1,16842.68,16854.98,16761.85496
2022-11-18 04:00:00,16855.75,16869.08,16773.49,16805.13,14660.02776
2022-11-18 06:00:00,16805.57,16823.19,16724.32,16745.1,15121.50352
2022-11-18 08:00:00,16745.84,16766.24,16680.0,16739.5,19122.54403
2022-11-18 10:00:00,16740.0,16854.33,16712.04,16749.88,18857.21243
2022-11-18 12:00:00,16750.25,16818.0,16729.23,16752.93,17079.86667
2022-11-18 14:00:00,16752.93,16785.14,16608.8,16696.86,23989.95421
2022-11-18 16:00:00,16695.06,16732.85,16550.19,16597.08,20357.56233
2022-11-18 18:00:00,16596.06,16674.31,16546.04,16656.37,15150.18166
2022-11-18 20:00:00,16656.36,16683.0,16610.0,16651.93,13054.98776
2022-11-18 22:00:00,16651.93,16727.99,16626.83,16700.45,9611.91241
2022-11-19 00:00:00,16699.43,16708.77,16650.72,16664.75,7071.67453
2022-11-19 02:00:00,16665.69,16665.7,16573.94,16628.7,10037.15927
2022-11-19 04:00:00,16628.7,16649.0,16553.53,16597.92,11080.08165
2022-11-19 06:00:00,16598.73,16622.62,16567.95,16599.31,8474.74138
2022-11-19 08:00:00,16598.98,16663.27,16580.0,16635.1,9406.20572
2022-11-19 10:00:00,16635.1,16683.01,16622.06,16676.26,6963.12126
2022-11-19 12:00:00,16676.26,16686.86,16634.01,16649.31,7416.62654
2022-11-19 14:00:00,16649.31,16677.93,16641.59,16655.65,9736.25034
2022-11-19 16:00:00,16655.65,16664.0,16608.35,16614.65,8856.4566
2022-11-19 18:00:00,16614.02,16646.84,16611.13,16627.33,5714.99176
2022-11-19 20:00:00,16627.33,16687.25,16625.98,16679.49,5747.12263
2022-11-19 22:00:00,16679.49,16822.41,16678.12,16700.68,14458.7239
2022-11-20 00:00:00,16700.68,16753.33,16669.92,16684.71,9016.02249
2022-11-20 02:00:00,16684.3,16710.12,16666.47,16679.99,7126.45622
2022-11-20 04:00:00,16679.99,16698.0,16671.0,16687.76,5881.40919
2022-11-20 06:00:00,16687.77,16738.76,16675.32,16722.9,7008.77414
2022-11-20 08:00:00,16722.2,16736.41,16561.0,16630.48,14557.11133
2022-11-20 10:00:00,16630.12,16683.0,16462.46,16525.38,20898.55944
2022-11-20 12:00:00,16526.04,16600.0,16461.0,16584.48,18814.82834
2022-11-20 14:00:00,16584.21,16628.49,16533.78,16580.53,11022.0114
2022-11-20 16:00:00,16580.53,16590.49,16530.22,16548.21,8605.62949
2022-11-20 18:00:00,16547.82,16613.35,16533.21,16587.8,8137.42663
2022-11-20 20:00:00,16587.8,16595.85,16212.59,16284.23,22626.50078
2022-11-20 22:00:00,16284.23,16358.0,16180.0,16280.23,21147.40533
2022-11-21 00:00:00,16279.5,16295.0,16123.01,16214.15,22039.83743
2022-11-21 02:00:00,16214.15,16219.99,15897.15,16073.75,40176.39327
2022-11-21 04:00:00,16073.15,16319.0,16064.22,16228.09,27241.54216
2022-11-21 06:00:00,16228.09,16256.16,15955.99,16039.73,23921.04606
2022-11-21 08:00:00,16040.73,16169.52,15964.0,16112.48,25815.83327
2022-11-21 10:00:00,16111.77,16154.99,16055.82,16084.42,18422.77183
2022-11-21 12:00:00,16084.42,16284.0,16025.42,16175.95,23057.81145
2022-11-21 14:00:00,16176.56,16250.0,16109.74,16130.45,19501.93842
2022-11-21 16:00:00,16130.45,16139.19,15906.52,16015.22,30374.56687
2022-11-21 18:00:00,16015.22,16040.53,15589.68,15722.98,35943.21488
2022-11-21 20:00:00,15721.51,15894.74,15476.0,15649.52,33701.254823
2022-11-21 22:00:00,15648.23,15869.41,15614.96,15781.29,23900.78729
2022-11-22 00:00:00,15781.29,15967.76,15746.16,15812.06,20276.25371
2022-11-22 02:00:00,15812.06,15927.37,15770.01,15847.82,17010.50556
2022-11-22 04:00:00,15848.53,15882.87,15773.78,15803.9,13076.46857
2022-11-22 06:00:00,15804.23,15821.71,15616.63,15760.42,21772.86743
2022-11-22 08:00:00,15760.42,15775.69,15660.0,15687.97,17929.70604
2022-11-22 10:00:00,15687.97,15824.16,15661.21,15747.88,16357.84883
2022-11-22 12:00:00,15747.88,16218.0,15683.33,16171.01,39762.96545
2022-11-22 14:00:00,16171.01,16315.0,16039.88,16241.3,30256.96701
2022-11-22 16:00:00,16241.3,16290.27,16060.01,16081.97,19829.69999
2022-11-22 18:00:00,16080.84,16246.34,16049.87,16168.38,18186.04079
2022-11-22 20:00:00,16167.49,16193.07,16085.54,16147.13,12086.26955
2022-11-22 22:00:00,16145.77,16254.99,16100.68,16226.94,13002.4733
2022-11-23 00:00:00,16227.96,16261.58,16160.2,16220.74,14652.31405
2022-11-23 02:00:00,16220.74,16593.8,16213.04,16586.55,35641.0636
2022-11-23 04:00:00,16584.66,16589.99,16444.0,16464.07,17269.32923
2022-11-23 06:00:00,16463.54,16662.1,16445.94,16583.84,23092.20726
2022-11-23 08:00:00,16583.84,16637.0,16500.0,16566.38,21449.84038
2022-11-23 10:00:00,16565.77,16677.25,16531.0,16585.77,22403.15853
2022-11-23 12:00:00,16585.21,16604.1,16382.9,16394.33,23409.87235
2022-11-23 14:00:00,16395.48,16511.03,16342.98,16427.11,25130.24312
2022-11-23 16:00:00,16427.09,16465.63,16320.02,16391.62,17516.66448
2022-11-23 18:00:00,16390.51,16706.0,16380.0,16473.32,32743.71749
2022-11-23 20:00:00,16473.32,16625.0,16426.42,16488.41,17016.67997
2022-11-23 22:00:00,16488.41,16676.72,16459.43,16603.11,14602.61362
2022-11-24 00:00:00,16603.11,16799.99,16533.65,16747.83,21245.21521
2022-11-24 02:00:00,16747.83,16812.63,16678.67,16712.07,19801.92691
2022-11-24 04:00:00,16711.41,16740.01,16645.08,16655.8,16020.88983
2022-11-24 06:00:00,16655.55,16726.0,16614.75,16623.9,21750.3927
2022-11-24 08:00:00,16622.38,16642.18,16520.26,16601.53,22140.68022
2022-11-24 10:00:00,16601.53,16615.0,16493.81,16572.11,17720.87868
2022-11-24 12:00:00,16572.11,16606.52,16493.01,16586.23,17588.74712
2022-11-24 14:00:00,16586.23,16592.0,16458.05,16558.11,16622.78169
2022-11-24 16:00:00,16559.01,16676.0,16517.99,16586.73,20509.48242
2022-11-24 18:00:00,16587.67,16604.48,16542.22,16577.41,10543.43026
2022-11-24 20:00:00,16577.05,16595.48,16535.01,16551.95,10096.50051
2022-11-24 22:00:00,16552.74,16639.0,16542.2,16598.95,12524.99791
2022-11-25 00:00:00,16599.55,16622.64,16510.46,16526.84,15633.38916
2022-11-25 02:00:00,16526.84,16532.32,16470.0,16485.45,14798.29995
2022-11-25 04:00:00,16485.45,16502.19,16354.24,16362.8,18148.56459
2022-11-25 06:00:00,16363.43,16474.88,16342.81,16461.66,14961.01326
2022-11-25 08:00:00,16462.22,16495.59,16420.3,16441.79,12409.73853
2022-11-25 10:00:00,16442.28,16591.43,16407.72,16531.64,20033.3586
2022-11-25 12:00:00,16531.64,16584.48,16472.13,16491.33,17039.3665
2022-11-25 14:00:00,16491.82,16570.0,16435.11,16513.0,21100.00258
2022-11-25 16:00:00,16513.0,16536.35,16458.46,16510.38,14357.47413
2022-11-25 18:00:00,16509.52,16553.88,16477.13,16523.21,10243.79944
2022-11-25 20:00:00,16523.67,16666.0,16492.57,16501.6,12855.66104
2022-11-25 22:00:00,16502.19,16577.6,16482.87,16522.14,10508.82755
2022-11-26 00:00:00,16521.35,16701.99,16509.6,16633.87,22296.88915
2022-11-26 02:00:00,16634.33,16670.0,16602.78,16625.79,14556.1823
2022-11-26 04:00:00,16625.79,16651.84,16602.12,16625.48,15977.7632
2022-11-26 06:00:00,16625.0,16626.35,16530.0,16583.75,17542.39437
2022-11-26 08:00:00,16584.13,16600.0,16567.0,16590.86,10940.5524
2022-11-26 10:00:00,16590.86,16638.23,16556.66,16580.31,15203.01864
2022-11-26 12:00:00,16580.58,16613.21,16558.32,16596.89,13422.23259
2022-11-26 14:00:00,16596.22,16680.57,16483.25,16512.86,24801.17798
2022-11-26 16:00:00,16512.35,16532.91,16490.76,16516.05,10654.42381
2022-11-26 18:00:00,16516.63,16526.39,16420.45,16488.43,11701.551
2022-11-26 20:00:00,16488.44,16549.66,16484.91,16516.25,9722.15264
2022-11-26 22:00:00,16516.25,16520.0,16385.0,16458.57,14986.47858
2022-11-27 00:00:00,16457.61,16510.37,16446.59,16485.56,15423.36257
2022-11-27 02:00:00,16484.95,16575.31,16482.01,16527.22,15066.9704
2022-11-27 04:00:00,16527.22,16600.0,16522.23,16537.01,18855.03222
2022-11-27 06:00:00,16537.01,16594.97,16536.43,16562.98,11954.92617
2022-11-27 08:00:00,16562.98,16583.43,16514.01,16522.92,12633.13442
2022-11-27 10:00:00,16522.97,16593.91,16513.0,16550.91,14362.27227
2022-11-27 12:00:00,16550.57,16578.66,16524.0,16539.51,11810.16328
2022-11-27 14:00:00,16539.51,16586.74,16520.0,16574.28,13175.69573
2022-11-27 16:00:00,16573.76,16581.6,16520.88,16534.2,11680.23503
2022-11-27 18:00:00,16534.2,16567.63,16531.75,16555.39,7750.85014
2022-11-27 20:00:00,16555.39,16595.0,16546.83,16578.17,7834.76163
2022-11-27 22:00:00,16578.17,16597.36,16401.0,16428.78,21478.07221
2022-11-28 00:00:00,16428.77,16487.04,16090.0,16144.12,37117.0495
2022-11-28 02:00:00,16143.4,16206.59,16051.9,16178.22,26945.42231
2022-11-28 04:00:00,16177.49,16246.98,16146.04,16159.31,15592.82024
2022-11-28 06:00:00,16158.82,16235.2,16136.0,16222.06,14425.9938
2022-11-28 08:00:00,16224.14,16270.59,16187.01,16218.07,16379.02636
2022-11-28 10:00:00,16218.07,16230.77,16178.24,16213.29,14733.91729
2022-11-28 12:00:00,16213.29,16239.31,16150.35,16179.27,18821.50068
2022-11-28 14:00:00,16179.46,16310.43,16120.38,16146.26,28390.27325
2022-11-28 16:00:00,16146.26,16399.69,15995.27,16207.12,43682.16114
2022-11-28 18:00:00,16207.12,16257.85,16145.0,16224.75,15078.31268
2022-11-28 20:00:00,16225.53,16271.09,16186.0,16199.59,12861.42279
2022-11-28 22:00:00,16200.56,16245.92,16195.63,16212.91,8667.50363
2022-11-29 00:00:00,16212.18,16309.03,16100.0,16250.77,20493.0122
2022-11-29 02:00:00,16250.77,16306.13,16246.86,16287.66,17031.79772
2022-11-29 04:00:00,16287.53,16541.59,16278.9,16484.85,31109.18699
2022-11-29 06:00:00,16484.85,16515.37,16450.23,16463.31,18834.9554
2022-11-29 08:00:00,16463.95,16548.71,16430.0,16516.64,27281.83121
2022-11-29 10:00:00,16516.64,16541.86,16484.77,16497.64,19303.4425
2022-11-29 12:00:00,16496.73,16508.04,16380.89,16412.54,23854.77768
2022-11-29 14:00:00,16412.54,16463.0,16328.84,16393.48,32288.25815
2022-11-29 16:00:00,16394.34,16429.28,16342.59,16379.72,18170.39908
2022-11-29 18:00:00,16379.72,16479.84,16357.19,16426.56,14571.17946
2022-11-29 20:00:00,16426.56,16512.39,16423.19,16465.95,13582.00964
2022-11-29 22:00:00,16465.36,16526.91,16426.24,16442.53,11585.40006
2022-11-30 00:00:00,16442.91,16950.82,16428.3,16880.19,43488.34424
2022-11-30 02:00:00,16879.22,17162.2,16840.02,16845.25,30058.54479
2022-11-30 04:00:00,16845.25,16914.58,16794.16,16864.1,18654.56492
2022-11-30 06:00:00,16863.45,16920.16,16830.38,16884.18,17380.68378
2022-11-30 08:00:00,16883.87,16930.66,16835.75,16879.49,17336.52025
2022-11-30 10:00:00,16879.83,16899.56,16863.99,16879.32,13714.3029
2022-11-30 12:00:00,16879.32,16897.0,16766.68,16810.12,27491.7592
2022-11-30 14:00:00,16810.12,16888.0,16796.89,16865.64,19726.43979
2022-11-30 16:00:00,16865.64,16907.9,16720.56,16789.66,23279.70119
2022-11-30 18:00:00,16789.66,17147.16,16705.0,17062.85,44587.29902
2022-11-30 20:00:00,17061.14,17111.7,17028.37,17106.65,21707.23456
2022-11-30 22:00:00,17106.64,17249.0,17069.04,17163.64,25594.41255
