month,symbol,timeframe,regime3_up_h2_bars,regime3_up_days,regime3_down_h2_bars,regime3_down_days,regime3_range_h2_bars,regime3_range_days,regime3_h2_bars_total,regime3_up_share,regime3_down_share,regime3_range_share,phase5_accumulation_h2_bars,phase5_accumulation_days,phase5_expansion_h2_bars,phase5_expansion_days,phase5_euphoria_h2_bars,phase5_euphoria_days,phase5_distribution_h2_bars,phase5_distribution_days,phase5_bear_h2_bars,phase5_bear_days,phase5_h2_bars_total,phase5_accumulation_share,phase5_expansion_share,phase5_euphoria_share,phase5_distribution_share,phase5_bear_share,phase6_accumulation_h2_bars,phase6_accumulation_days,phase6_expansion_h2_bars,phase6_expansion_days,phase6_euphoria_h2_bars,phase6_euphoria_days,phase6_distribution_h2_bars,phase6_distribution_days,phase6_bear_h2_bars,phase6_bear_days,phase6_capitulation_h2_bars,phase6_capitulation_days,phase6_h2_bars_total,phase6_accumulation_share,phase6_expansion_share,phase6_euphoria_share,phase6_distribution_share,phase6_bear_share,phase6_capitulation_share,LFP_mean,LFP_median,LFP_vol_mean,LFP_vol_median,P1_bars_median,P2_bars_median,P3_bars_median,P4_bars_median,P5_bars_median,P6_bars_median,P1_vol_median,P2_vol_median,P3_vol_median
2011-08,BTC_USD,2h,0,0.0,0,0.0,0,0.0,0,,,,0,0.0,0,0.0,0,0.0,0,0.0,0,0.0,0,,,,,,0,0.0,0,0.0,0,0.0,0,0.0,0,0.0,0,0.0,0,,,,,,,,,,,,,,,,,,,
2011-09,BTC_USD,2h,0,0.0,0,0.0,0,0.0,0,,,,0,0.0,0,0.0,0,0.0,0,0.0,0,0.0,0,,,,,,0,0.0,0,0.0,0,0.0,0,0.0,0,0.0,0,0.0,0,,,,,,,0.9038724326812789,0.925373659246708,0.09873617695145347,0.0975565482048083,360.0,180.0,90.0,,,,42.0,180.0,72.0
2011-10,BTC_USD,2h,0,0.0,0,0.0,0,0.0,0,,,,0,0.0,0,0.0,0,0.0,0,0.0,0,0.0,0,,,,,,0,0.0,0,0.0,0,0.0,0,0.0,0,0.0,0,0.0,0,,,,,,,0.8537570766658452,0.8528877093606433,0.05615776128133367,0.0529867781565298,360.0,120.0,120.0,,,,11.999999999999998,14.4,2.686567164179104
2011-11,BTC_USD,2h,0,0.0,0,0.0,0,0.0,0,,,,0,0.0,0,0.0,0,0.0,0,0.0,0,0.0,0,,,,,,0,0.0,0,0.0,0,0.0,0,0.0,0,0.0,0,0.0,0,,,,,,,0.745666535019054,0.7642194749045164,0.028692330596327493,0.02367342830991025,270.0,270.0,120.0,,,,2.88,6.794871794871795,13.5
2011-12,BTC_USD,2h,0,0.0,0,0.0,0,0.0,0,,,,0,0.0,0,0.0,0,0.0,0,0.0,0,0.0,0,,,,,,0,0.0,0,0.0,0,0.0,0,0.0,0,0.0,0,0.0,0,,,,,,,0.4019247625387251,0.196765599136428,0.030035716162674926,0.0261481417353251,180.0,90.0,120.0,,,,4.0,3.4951456310679605,13.846153846153843
2012-01,BTC_USD,2h,0,0.0,0,0.0,0,0.0,0,,,,0,0.0,0,0.0,0,0.0,0,0.0,0,0.0,0,,,,,,0,0.0,0,0.0,0,0.0,0,0.0,0,0.0,0,0.0,0,,,,,,,0.8609206121797317,0.868381564193343,0.04244008738234744,0.0302220969162628,360.0,180.0,90.0,,,,11.999999999999998,11.999999999999998,5.901639344262295
2012-02,BTC_USD,2h,0,0.0,0,0.0,0,0.0,0,,,,0,0.0,0,0.0,0,0.0,0,0.0,0,0.0,0,,,,,,0,0.0,0,0.0,0,0.0,0,0.0,0,0.0,0,0.0,0,,,,,,,0.7020831364708198,0.6943892989174769,0.06393612478464238,0.0641679797055828,360.0,180.0,120.0,,,,11.999999999999998,24.0,24.0
2012-03,BTC_USD,2h,0,0.0,0,0.0,0,0.0,0,,,,0,0.0,0,0.0,0,0.0,0,0.0,0,0.0,0,,,,,,0,0.0,0,0.0,0,0.0,0,0.0,0,0.0,0,0.0,0,,,,,,,0.8093336091980972,0.8599178209001783,0.05257771558959397,0.0508606661906304,360.0,180.0,120.0,,,,11.999999999999998,11.999999999999998,15.0
2012-04,BTC_USD,2h,0,0.0,0,0.0,0,0.0,0,,,,0,0.0,0,0.0,0,0.0,0,0.0,0,0.0,0,,,,,,0,0.0,0,0.0,0,0.0,0,0.0,0,0.0,0,0.0,0,,,,,,,0.7876201754677972,0.8392972715290594,0.05195561141784075,0.039170648277073755,360.0,180.0,90.0,,,,11.999999999999998,15.326086956521738,3.5643564356435644
2012-05,BTC_USD,2h,0,0.0,0,0.0,0,0.0,0,,,,0,0.0,0,0.0,0,0.0,0,0.0,0,0.0,0,,,,,,0,0.0,0,0.0,0,0.0,0,0.0,0,0.0,0,0.0,0,,,,,,,0.8093084462190907,0.8064577044773421,0.05161108325680327,0.0447572013754799,180.0,180.0,120.0,,,,11.25,5.7142857142857135,5.070422535211267
2012-06,BTC_USD,2h,0,0.0,0,0.0,0,0.0,0,,,,0,0.0,0,0.0,0,0.0,0,0.0,0,0.0,0,,,,,,0,0.0,0,0.0,0,0.0,0,0.0,0,0.0,0,0.0,0,,,,,,,0.9132513123116879,0.923908163360811,0.057854980618922885,0.048146107462187795,360.0,180.0,90.0,,,,18.94736842105263,18.94736842105263,15.238095238095237
2012-07,BTC_USD,2h,0,0.0,0,0.0,0,0.0,0,,,,0,0.0,0,0.0,0,0.0,0,0.0,0,0.0,0,,,,,,0,0.0,0,0.0,0,0.0,0,0.0,0,0.0,0,0.0,0,,,,,,,0.8976292488954137,0.9007737632758042,0.11838620477155481,0.1178085059160949,360.0,180.0,90.0,,,,180.0,90.0,72.0
2012-08,BTC_USD,2h,0,0.0,0,0.0,0,0.0,0,,,,0,0.0,0,0.0,0,0.0,0,0.0,0,0.0,0,,,,,,0,0.0,0,0.0,0,0.0,0,0.0,0,0.0,0,0.0,0,,,,,,,0.8863052830420209,0.924023353694832,0.057346087814833774,0.059375343025783,360.0,180.0,120.0,,,,45.0,8.181818181818182,8.181818181818182
2012-09,BTC_USD,2h,0,0.0,0,0.0,0,0.0,0,,,,0,0.0,0,0.0,0,0.0,0,0.0,0,0.0,0,,,,,,0,0.0,0,0.0,0,0.0,0,0.0,0,0.0,0,0.0,0,,,,,,,0.867834546961877,0.8496550309432862,0.10461344416678858,0.09896896760494245,180.0,180.0,180.0,,,,90.0,27.69230769230769,72.0
2012-10,BTC_USD,2h,0,0.0,0,0.0,0,0.0,0,,,,0,0.0,0,0.0,0,0.0,0,0.0,0,0.0,0,,,,,,0,0.0,0,0.0,0,0.0,0,0.0,0,0.0,0,0.0,0,,,,,,,0.8127047708222802,0.8359809783286969,0.09839647504392186,0.1070910362300286,360.0,180.0,90.0,,,,90.0,30.0,8.181818181818182
2012-11,BTC_USD,2h,0,0.0,0,0.0,0,0.0,0,,,,0,0.0,0,0.0,0,0.0,0,0.0,0,0.0,0,,,,,,0,0.0,0,0.0,0,0.0,0,0.0,0,0.0,0,0.0,0,,,,,,,0.8813311790523218,0.8730587760649515,0.06651857109838383,0.0646450298592531,360.0,180.0,120.0,,,,40.0,12.206896551724137,11.260997067448681
2012-12,BTC_USD,2h,0,0.0,0,0.0,0,0.0,0,,,,0,0.0,0,0.0,0,0.0,0,0.0,0,0.0,0,,,,,,0,0.0,0,0.0,0,0.0,0,0.0,0,0.0,0,0.0,0,,,,,,,0.9326421682128718,0.9477357796462988,0.07340793530534867,0.0700780647901522,360.0,180.0,90.0,,,,11.999999999999998,90.0,40.0
2013-01,BTC_USD,2h,0,0.0,0,0.0,0,0.0,0,,,,0,0.0,0,0.0,0,0.0,0,0.0,0,0.0,0,,,,,,0,0.0,0,0.0,0,0.0,0,0.0,0,0.0,0,0.0,0,,,,,,,0.8143785544823483,0.9398646930131652,0.12418965861287605,0.12469753449766,360.0,180.0,90.0,,,,72.0,11.999999999999998,72.0
2013-02,BTC_USD,2h,0,0.0,0,0.0,0,0.0,0,,,,0,0.0,0,0.0,0,0.0,0,0.0,0,0.0,0,,,,,,0,0.0,0,0.0,0,0.0,0,0.0,0,0.0,0,0.0,0,,,,,,,0.9572229453777392,0.9571690911168886,0.08759654881167082,0.0841072758330626,360.0,180.0,90.0,,,,11.999999999999998,40.0,11.999999999999998
2013-03,BTC_USD,2h,0,0.0,0,0.0,0,0.0,0,,,,0,0.0,0,0.0,0,0.0,0,0.0,0,0.0,0,,,,,,0,0.0,0,0.0,0,0.0,0,0.0,0,0.0,0,0.0,0,,,,,,,0.9380858972799225,0.9476413181864584,0.15758062455343863,0.1957609884066292,360.0,180.0,72.0,,,,72.0,90.0,72.0
2013-04,BTC_USD,2h,0,0.0,0,0.0,0,0.0,0,,,,0,0.0,0,0.0,0,0.0,0,0.0,0,0.0,0,,,,,,0,0.0,0,0.0,0,0.0,0,0.0,0,0.0,0,0.0,0,,,,,,,0.8990010619124188,0.9454613814596752,0.252737688692158,0.279751105015024,360.0,180.0,90.0,,,,360.0,90.0,90.0
2013-05,BTC_USD,2h,0,0.0,0,0.0,0,0.0,0,,,,0,0.0,0,0.0,0,0.0,0,0.0,0,0.0,0,,,,,,0,0.0,0,0.0,0,0.0,0,0.0,0,0.0,0,0.0,0,,,,,,,0.8342423323102988,0.8253747226550849,0.1999704098570864,0.1978204975182652,360.0,180.0,72.0,,,,11.999999999999998,90.0,120.0
2013-06,BTC_USD,2h,0,0.0,0,0.0,0,0.0,0,,,,0,0.0,0,0.0,0,0.0,0,0.0,0,0.0,0,,,,,,0,0.0,0,0.0,0,0.0,0,0.0,0,0.0,0,0.0,0,,,,,,,0.9336253074091075,0.9377990254626822,0.13139200899145317,0.1386460501556513,360.0,180.0,72.0,,,,11.999999999999998,66.0,60.0
2013-07,BTC_USD,2h,0,0.0,0,0.0,0,0.0,0,,,,0,0.0,0,0.0,0,0.0,0,0.0,0,0.0,0,,,,,,0,0.0,0,0.0,0,0.0,0,0.0,0,0.0,0,0.0,0,,,,,,,0.9239805491675936,0.9526792601706154,0.23053673497009428,0.2297370991889296,360.0,180.0,120.0,,,,360.0,45.0,45.0
2013-08,BTC_USD,2h,0,0.0,0,0.0,0,0.0,0,,,,0,0.0,0,0.0,0,0.0,0,0.0,0,0.0,0,,,,,,0,0.0,0,0.0,0,0.0,0,0.0,0,0.0,0,0.0,0,,,,,,,0.8918258839215049,0.9195891545352112,0.15138815845125345,0.1524691397143373,360.0,180.0,90.0,,,,11.999999999999998,90.0,32.72727272727273
2013-09,BTC_USD,2h,0,0.0,0,0.0,0,0.0,0,,,,0,0.0,0,0.0,0,0.0,0,0.0,0,0.0,0,,,,,,0,0.0,0,0.0,0,0.0,0,0.0,0,0.0,0,0.0,0,,,,,,,0.9019198585303942,0.9432500817722594,0.09557366656006357,0.0933320063538854,360.0,180.0,120.0,,,,11.999999999999998,72.0,55.714285714285715
2013-10,BTC_USD,2h,0,0.0,0,0.0,0,0.0,0,,,,0,0.0,0,0.0,0,0.0,0,0.0,0,0.0,0,,,,,,0,0.0,0,0.0,0,0.0,0,0.0,0,0.0,0,0.0,0,,,,,,,0.7515984931661477,0.8023762724968915,0.18736692214257755,0.1564399425914426,180.0,180.0,90.0,,,,90.0,90.0,60.0
2013-11,BTC_USD,2h,0,0.0,0,0.0,0,0.0,0,,,,0,0.0,0,0.0,0,0.0,0,0.0,0,0.0,0,,,,,,0,0.0,0,0.0,0,0.0,0,0.0,0,0.0,0,0.0,0,,,,,,,0.9607767633378935,0.9638991888410443,0.26755841999269603,0.22147301964771154,360.0,180.0,120.0,,,,180.0,150.0,72.0
2013-12,BTC_USD,2h,0,0.0,0,0.0,0,0.0,0,,,,0,0.0,0,0.0,0,0.0,0,0.0,0,0.0,0,,,,,,0,0.0,0,0.0,0,0.0,0,0.0,0,0.0,0,0.0,0,,,,,,,0.8836470661735474,0.9059630108764604,0.1957733513991921,0.20088980170762,360.0,180.0,72.0,,,,120.0,90.0,72.0
2014-01,BTC_USD,2h,0,0.0,0,0.0,0,0.0,0,,,,0,0.0,0,0.0,0,0.0,0,0.0,0,0.0,0,,,,,,0,0.0,0,0.0,0,0.0,0,0.0,0,0.0,0,0.0,0,,,,,,,0.8247566735781443,0.8800342083182023,0.35918280443206707,0.3595390619081864,360.0,180.0,120.0,,,,360.0,180.0,120.0
2014-02,BTC_USD,2h,0,0.0,0,0.0,0,0.0,0,,,,0,0.0,0,0.0,0,0.0,0,0.0,0,0.0,0,,,,,,0,0.0,0,0.0,0,0.0,0,0.0,0,0.0,0,0.0,0,,,,,,,0.7580999126612451,0.863805893939928,0.14175895004936903,0.1329749006055012,360.0,180.0,120.0,,,,120.0,45.0,180.0
2014-03,BTC_USD,2h,0,0.0,0,0.0,0,0.0,0,,,,0,0.0,0,0.0,0,0.0,0,0.0,0,0.0,0,,,,,,0,0.0,0,0.0,0,0.0,0,0.0,0,0.0,0,0.0,0,,,,,,,0.8194127452212553,0.7993160027709144,0.2626521852422441,0.2703038187754009,360.0,180.0,90.0,,,,180.0,45.0,90.0
2014-04,BTC_USD,2h,0,0.0,0,0.0,0,0.0,0,,,,0,0.0,0,0.0,0,0.0,0,0.0,0,0.0,0,,,,,,0,0.0,0,0.0,0,0.0,0,0.0,0,0.0,0,0.0,0,,,,,,,0.9188956089576846,0.9224023678739672,0.19560378348433224,0.19075659231821815,360.0,180.0,120.0,,,,180.0,55.714285714285715,51.42857142857143
2014-05,BTC_USD,2h,0,0.0,0,0.0,0,0.0,0,,,,0,0.0,0,0.0,0,0.0,0,0.0,0,0.0,0,,,,,,0,0.0,0,0.0,0,0.0,0,0.0,0,0.0,0,0.0,0,,,,,,,0.9254353613568468,0.9186708855416668,0.181400354613098,0.194195480728861,360.0,180.0,120.0,,,,360.0,45.0,40.0
2014-06,BTC_USD,2h,0,0.0,0,0.0,0,0.0,0,,,,0,0.0,0,0.0,0,0.0,0,0.0,0,0.0,0,,,,,,0,0.0,0,0.0,0,0.0,0,0.0,0,0.0,0,0.0,0,,,,,,,0.9467443321290954,0.9507159949702578,0.1371247788914822,0.13855007915640677,360.0,180.0,120.0,,,,120.0,180.0,18.0
2014-07,BTC_USD,2h,0,0.0,0,0.0,0,0.0,0,,,,0,0.0,0,0.0,0,0.0,0,0.0,0,0.0,0,,,,,,0,0.0,0,0.0,0,0.0,0,0.0,0,0.0,0,0.0,0,,,,,,,0.871476763054604,0.9078947633936524,0.10935277590515567,0.0815089163062745,360.0,180.0,120.0,,,,40.0,40.0,21.176470588235293
2014-08,BTC_USD,2h,0,0.0,0,0.0,0,0.0,0,,,,0,0.0,0,0.0,0,0.0,0,0.0,0,0.0,0,,,,,,0,0.0,0,0.0,0,0.0,0,0.0,0,0.0,0,0.0,0,,,,,,,0.8920940797210417,0.916776309342588,0.19873670642667063,0.1619698507031158,360.0,180.0,120.0,,,,11.999999999999998,180.0,72.0
2014-09,BTC_USD,2h,0,0.0,0,0.0,0,0.0,0,,,,0,0.0,0,0.0,0,0.0,0,0.0,0,0.0,0,,,,,,0,0.0,0,0.0,0,0.0,0,0.0,0,0.0,0,0.0,0,,,,,,,0.856295722666068,0.8826883020176552,0.23008564749005853,0.23579578937161189,360.0,180.0,120.0,,,,360.0,180.0,45.0
2014-10,BTC_USD,2h,0,0.0,0,0.0,0,0.0,0,,,,0,0.0,0,0.0,0,0.0,0,0.0,0,0.0,0,,,,,,0,0.0,0,0.0,0,0.0,0,0.0,0,0.0,0,0.0,0,,,,,,,0.9121945153791461,0.9172857159109686,0.24786311127307684,0.2526648053162383,360.0,180.0,90.0,,,,180.0,180.0,72.0
2014-11,BTC_USD,2h,0,0.0,0,0.0,0,0.0,0,,,,0,0.0,0,0.0,0,0.0,0,0.0,0,0.0,0,,,,,,0,0.0,0,0.0,0,0.0,0,0.0,0,0.0,0,0.0,0,,,,,,,0.9211018913004032,0.935491444124313,0.2755222242860475,0.29577706198046155,360.0,180.0,90.0,,,,180.0,120.0,90.0
2014-12,BTC_USD,2h,0,0.0,0,0.0,0,0.0,0,,,,0,0.0,0,0.0,0,0.0,0,0.0,0,0.0,0,,,,,,0,0.0,0,0.0,0,0.0,0,0.0,0,0.0,0,0.0,0,,,,,,,0.8501107704393295,0.8462981049667594,0.24278089291385208,0.215153722357675,360.0,180.0,90.0,,,,90.0,90.0,90.0
2015-01,BTC_USD,2h,0,0.0,0,0.0,0,0.0,0,,,,0,0.0,0,0.0,0,0.0,0,0.0,0,0.0,0,,,,,,0,0.0,0,0.0,0,0.0,0,0.0,0,0.0,0,0.0,0,,,,,,,0.910700595124458,0.9215959693292608,0.4357660881351841,0.4289056397238506,360.0,180.0,120.0,,,,180.0,120.0,120.0
2015-02,BTC_USD,2h,0,0.0,0,0.0,0,0.0,0,,,,0,0.0,0,0.0,0,0.0,0,0.0,0,0.0,0,,,,,,0,0.0,0,0.0,0,0.0,0,0.0,0,0.0,0,0.0,0,,,,,,,0.838554560521134,0.8374857832551477,0.1800147214114689,0.12200736244004715,360.0,180.0,105.0,,,,28.5,150.0,96.0
2015-03,BTC_USD,2h,0,0.0,0,0.0,0,0.0,0,,,,0,0.0,0,0.0,0,0.0,0,0.0,0,0.0,0,,,,,,0,0.0,0,0.0,0,0.0,0,0.0,0,0.0,0,0.0,0,,,,,,,0.8703216578490306,0.9258371683342036,0.19983243010962407,0.1993077028279907,360.0,180.0,90.0,,,,180.0,45.0,45.0
2015-04,BTC_USD,2h,0,0.0,0,0.0,0,0.0,0,,,,0,0.0,0,0.0,0,0.0,0,0.0,0,0.0,0,,,,,,0,0.0,0,0.0,0,0.0,0,0.0,0,0.0,0,0.0,0,,,,,,,0.8799913162140325,0.8932896836665627,0.16334377692507662,0.1555787387417856,360.0,180.0,72.0,,,,11.999999999999998,90.0,72.0
2015-05,BTC_USD,2h,0,0.0,0,0.0,0,0.0,0,,,,0,0.0,0,0.0,0,0.0,0,0.0,0,0.0,0,,,,,,0,0.0,0,0.0,0,0.0,0,0.0,0,0.0,0,0.0,0,,,,,,,0.801687600038418,0.7979249544631138,0.11087159602182008,0.1074321231042589,360.0,180.0,120.0,,,,11.999999999999998,90.0,72.0
2015-06,BTC_USD,2h,0,0.0,0,0.0,0,0.0,0,,,,0,0.0,0,0.0,0,0.0,0,0.0,0,0.0,0,,,,,,0,0.0,0,0.0,0,0.0,0,0.0,0,0.0,0,0.0,0,,,,,,,0.919003690483652,0.9395252228965048,0.13127237361923721,0.09644468529797989,360.0,180.0,120.0,,,,11.999999999999998,72.0,58.5
2015-07,BTC_USD,2h,0,0.0,0,0.0,0,0.0,0,,,,0,0.0,0,0.0,0,0.0,0,0.0,0,0.0,0,,,,,,0,0.0,0,0.0,0,0.0,0,0.0,0,0.0,0,0.0,0,,,,,,,0.8981337082006157,0.90815655697171,0.2463848703629438,0.2020105590895485,360.0,180.0,120.0,,,,360.0,11.999999999999998,72.0
2015-08,BTC_USD,2h,0,0.0,0,0.0,0,0.0,0,,,,0,0.0,0,0.0,0,0.0,0,0.0,0,0.0,0,,,,,,0,0.0,0,0.0,0,0.0,0,0.0,0,0.0,0,0.0,0,,,,,,,0.9040246848293931,0.9282004281072712,0.171768941635921,0.1491945729049012,360.0,180.0,120.0,,,,11.999999999999998,45.0,90.0
2015-09,BTC_USD,2h,0,0.0,0,0.0,0,0.0,0,,,,0,0.0,0,0.0,0,0.0,0,0.0,0,0.0,0,,,,,,0,0.0,0,0.0,0,0.0,0,0.0,0,0.0,0,0.0,0,,,,,,,0.9063168141986301,0.9122710525764632,0.14163220347130298,0.08250134452087235,360.0,180.0,120.0,,,,11.999999999999998,72.0,90.0
2015-10,BTC_USD,2h,0,0.0,0,0.0,0,0.0,0,,,,0,0.0,0,0.0,0,0.0,0,0.0,0,0.0,0,,,,,,0,0.0,0,0.0,0,0.0,0,0.0,0,0.0,0,0.0,0,,,,,,,0.9078307532896411,0.9124964540866096,0.030568241268388148,0.0323863577551024,360.0,180.0,90.0,,,,6.101694915254237,7.0588235294117645,7.0588235294117645
2015-11,BTC_USD,2h,0,0.0,0,0.0,0,0.0,0,,,,0,0.0,0,0.0,0,0.0,0,0.0,0,0.0,0,,,,,,0,0.0,0,0.0,0,0.0,0,0.0,0,0.0,0,0.0,0,,,,,,,0.8772166449263405,0.8709023304946585,0.28193742164253227,0.28895223064742215,360.0,180.0,72.0,,,,90.0,72.0,72.0
2015-12,BTC_USD,2h,0,0.0,0,0.0,0,0.0,0,,,,0,0.0,0,0.0,0,0.0,0,0.0,0,0.0,0,,,,,,0,0.0,0,0.0,0,0.0,0,0.0,0,0.0,0,0.0,0,,,,,,,0.9321081957171415,0.9329091323097096,0.1373097696566627,0.0955120682256861,360.0,180.0,120.0,,,,60.0,60.0,45.0
2016-01,BTC_USD,2h,0,0.0,0,0.0,0,0.0,0,,,,0,0.0,0,0.0,0,0.0,0,0.0,0,0.0,0,,,,,,0,0.0,0,0.0,0,0.0,0,0.0,0,0.0,0,0.0,0,,,,,,,0.8489149979901153,0.8737872864227528,0.17765139027367483,0.2209181386519616,360.0,180.0,90.0,,,,60.0,90.0,72.0
2016-02,BTC_USD,2h,0,0.0,0,0.0,0,0.0,0,,,,0,0.0,0,0.0,0,0.0,0,0.0,0,0.0,0,,,,,,0,0.0,0,0.0,0,0.0,0,0.0,0,0.0,0,0.0,0,,,,,,,0.8289999989663372,0.8324404600596856,0.1365743952294844,0.1495357944501906,360.0,180.0,120.0,,,,72.0,72.0,60.0
2016-03,BTC_USD,2h,0,0.0,0,0.0,0,0.0,0,,,,0,0.0,0,0.0,0,0.0,0,0.0,0,0.0,0,,,,,,0,0.0,0,0.0,0,0.0,0,0.0,0,0.0,0,0.0,0,,,,,,,0.8660425362109873,0.8847314711628154,0.09245265403813707,0.0920852559972244,360.0,180.0,120.0,,,,11.999999999999998,36.0,60.0
2016-04,BTC_USD,2h,0,0.0,0,0.0,0,0.0,0,,,,0,0.0,0,0.0,0,0.0,0,0.0,0,0.0,0,,,,,,0,0.0,0,0.0,0,0.0,0,0.0,0,0.0,0,0.0,0,,,,,,,0.7161451236006471,0.6825905540736577,0.10815886533986357,0.0900773272407693,360.0,120.0,90.0,,,,11.999999999999998,72.0,42.5
2016-05,BTC_USD,2h,0,0.0,0,0.0,0,0.0,0,,,,0,0.0,0,0.0,0,0.0,0,0.0,0,0.0,0,,,,,,0,0.0,0,0.0,0,0.0,0,0.0,0,0.0,0,0.0,0,,,,,,,0.8185826191294275,0.8425365193886986,0.14478076304621046,0.1223541021993596,360.0,180.0,120.0,,,,40.0,72.0,51.42857142857143
2016-06,BTC_USD,2h,0,0.0,0,0.0,0,0.0,0,,,,0,0.0,0,0.0,0,0.0,0,0.0,0,0.0,0,,,,,,0,0.0,0,0.0,0,0.0,0,0.0,0,0.0,0,0.0,0,,,,,,,0.9723459658553723,0.974846730068684,0.2176813820409705,0.21894735736119542,360.0,180.0,120.0,,,,360.0,120.0,90.0
2016-07,BTC_USD,2h,0,0.0,0,0.0,0,0.0,0,,,,0,0.0,0,0.0,0,0.0,0,0.0,0,0.0,0,,,,,,0,0.0,0,0.0,0,0.0,0,0.0,0,0.0,0,0.0,0,,,,,,,0.7319282655411724,0.7293303716907313,0.22398390022355683,0.2038284188555143,180.0,360.0,90.0,,,,90.0,90.0,90.0
2016-08,BTC_USD,2h,0,0.0,0,0.0,0,0.0,0,,,,0,0.0,0,0.0,0,0.0,0,0.0,0,0.0,0,,,,,,0,0.0,0,0.0,0,0.0,0,0.0,0,0.0,0,0.0,0,,,,,,,0.9005630910735024,0.9229520937040624,0.23426397193598522,0.2162546318692124,360.0,180.0,120.0,,,,180.0,180.0,90.0
2016-09,BTC_USD,2h,0,0.0,0,0.0,0,0.0,0,,,,0,0.0,0,0.0,0,0.0,0,0.0,0,0.0,0,,,,,,0,0.0,0,0.0,0,0.0,0,0.0,0,0.0,0,0.0,0,,,,,,,0.8904838423657023,0.9348860068697801,0.04953602507267903,0.047477604930739145,360.0,180.0,120.0,,,,11.999999999999998,51.42857142857143,26.5
2016-10,BTC_USD,2h,0,0.0,0,0.0,0,0.0,0,,,,0,0.0,0,0.0,0,0.0,0,0.0,0,0.0,0,,,,,,0,0.0,0,0.0,0,0.0,0,0.0,0,0.0,0,0.0,0,,,,,,,0.8792511980143759,0.898889267544544,0.10147943377633212,0.0966936830876761,360.0,180.0,120.0,,,,45.0,45.0,45.0
2016-11,BTC_USD,2h,0,0.0,0,0.0,0,0.0,0,,,,0,0.0,0,0.0,0,0.0,0,0.0,0,0.0,0,,,,,,0,0.0,0,0.0,0,0.0,0,0.0,0,0.0,0,0.0,0,,,,,,,0.8518206147115637,0.889966808857761,0.13096241424219138,0.13384290840500723,360.0,180.0,120.0,,,,81.0,81.0,66.0
2016-12,BTC_USD,2h,0,0.0,0,0.0,0,0.0,0,,,,0,0.0,0,0.0,0,0.0,0,0.0,0,0.0,0,,,,,,0,0.0,0,0.0,0,0.0,0,0.0,0,0.0,0,0.0,0,,,,,,,0.8887984539522127,0.9061622711946684,0.20265679317076185,0.1341134069369455,360.0,180.0,120.0,,,,11.999999999999998,90.0,90.0
2017-01,BTC_USD,2h,0,0.0,0,0.0,0,0.0,0,,,,0,0.0,0,0.0,0,0.0,0,0.0,0,0.0,0,,,,,,0,0.0,0,0.0,0,0.0,0,0.0,0,0.0,0,0.0,0,,,,,,,0.9103111353295179,0.9248226989422322,0.3322666806684873,0.3089212838177763,360.0,180.0,72.0,,,,90.0,90.0,180.0
2017-02,BTC_USD,2h,0,0.0,0,0.0,0,0.0,0,,,,0,0.0,0,0.0,0,0.0,0,0.0,0,0.0,0,,,,,,0,0.0,0,0.0,0,0.0,0,0.0,0,0.0,0,0.0,0,,,,,,,0.8534839327160249,0.8853222100480445,0.24383344625346243,0.21762325714845993,360.0,180.0,120.0,,,,90.0,90.0,72.0
2017-03,BTC_USD,2h,0,0.0,0,0.0,0,0.0,0,,,,0,0.0,0,0.0,0,0.0,0,0.0,0,0.0,0,,,,,,0,0.0,0,0.0,0,0.0,0,0.0,0,0.0,0,0.0,0,,,,,,,0.9362486587081903,0.9309760414980623,0.17277269276164067,0.1464416390277065,360.0,180.0,90.0,,,,90.0,120.0,45.0
2017-04,BTC_USD,2h,0,0.0,0,0.0,0,0.0,0,,,,0,0.0,0,0.0,0,0.0,0,0.0,0,0.0,0,,,,,,0,0.0,0,0.0,0,0.0,0,0.0,0,0.0,0,0.0,0,,,,,,,0.9277485953664947,0.9427845591890129,0.13128675189807898,0.12485953287568025,360.0,180.0,72.0,,,,11.999999999999998,90.0,40.0
2017-05,BTC_USD,2h,0,0.0,0,0.0,0,0.0,0,,,,0,0.0,0,0.0,0,0.0,0,0.0,0,0.0,0,,,,,,0,0.0,0,0.0,0,0.0,0,0.0,0,0.0,0,0.0,0,,,,,,,0.9574965151994667,0.9697152768558952,0.2362183501497205,0.2362805253927906,360.0,180.0,90.0,,,,90.0,45.0,72.0
2017-06,BTC_USD,2h,0,0.0,0,0.0,0,0.0,0,,,,0,0.0,0,0.0,0,0.0,0,0.0,0,0.0,0,,,,,,0,0.0,0,0.0,0,0.0,0,0.0,0,0.0,0,0.0,0,,,,,,,0.8647016486381777,0.8797301359473062,0.28505899169841004,0.2784581882407955,360.0,180.0,120.0,,,,90.0,105.0,120.0
2017-07,BTC_USD,2h,0,0.0,0,0.0,0,0.0,0,,,,0,0.0,0,0.0,0,0.0,0,0.0,0,0.0,0,,,,,,0,0.0,0,0.0,0,0.0,0,0.0,0,0.0,0,0.0,0,,,,,,,0.7968123160167392,0.7581271606608179,0.3037565679123336,0.2935949526778388,180.0,180.0,90.0,,,,90.0,72.0,90.0
2017-08,BTC_USD,2h,0,0.0,0,0.0,0,0.0,0,,,,0,0.0,0,0.0,0,0.0,0,0.0,0,0.0,0,,,,,,0,0.0,0,0.0,0,0.0,0,0.0,0,0.0,0,0.0,0,,,,,,,0.9246645042580626,0.936360856753149,0.18951218790318233,0.1967271699092237,360.0,180.0,120.0,,,,360.0,40.0,45.0
2017-08,BTC_USDT,1d,0,0.0,0,0.0,0,0.0,0,,,,0,0.0,0,0.0,0,0.0,0,0.0,0,0.0,0,,,,,,0,0.0,0,0.0,0,0.0,0,0.0,0,0.0,0,0.0,0,,,,,,,,,,,,,,,,,,,
2017-08,BTC_USDT,2h,0,0.0,0,0.0,0,0.0,0,,,,0,0.0,0,0.0,0,0.0,0,0.0,0,0.0,0,,,,,,0,0.0,0,0.0,0,0.0,0,0.0,0,0.0,0,0.0,0,,,,,,,,,,,,,,,,,,,
2017-09,BTC_USD,2h,0,0.0,0,0.0,0,0.0,0,,,,0,0.0,0,0.0,0,0.0,0,0.0,0,0.0,0,,,,,,0,0.0,0,0.0,0,0.0,0,0.0,0,0.0,0,0.0,0,,,,,,,0.8732937123617014,0.8702089600498211,0.27074549383229984,0.2868065398694458,360.0,180.0,120.0,,,,120.0,180.0,45.0
2017-09,BTC_USDT,1d,0,0.0,0,0.0,0,0.0,0,,,,0,0.0,0,0.0,0,0.0,0,0.0,0,0.0,0,,,,,,0,0.0,0,0.0,0,0.0,0,0.0,0,0.0,0,0.0,0,,,,,,,0.8214108437435578,0.8104612126995554,0.6122704737465031,0.6335507343321445,30.0,15.0,7.5,,,,10.0,15.0,5.5
2017-09,BTC_USDT,2h,0,0.0,0,0.0,0,0.0,0,,,,0,0.0,0,0.0,0,0.0,0,0.0,0,0.0,0,,,,,,0,0.0,0,0.0,0,0.0,0,0.0,0,0.0,0,0.0,0,,,,,,,0.8068579617317718,0.8043863374294078,0.18781257185081446,0.1815564026750856,360.0,180.0,120.0,,,,120.0,11.999999999999998,60.0
2017-10,BTC_USD,2h,0,0.0,0,0.0,0,0.0,0,,,,0,0.0,0,0.0,0,0.0,0,0.0,0,0.0,0,,,,,,0,0.0,0,0.0,0,0.0,0,0.0,0,0.0,0,0.0,0,,,,,,,0.9375588095800564,0.9460422101318195,0.2717805492208107,0.2246592800976709,360.0,180.0,120.0,,,,360.0,90.0,72.0
2017-10,BTC_USDT,1d,0,0.0,0,0.0,0,0.0,0,,,,0,0.0,0,0.0,0,0.0,0,0.0,0,0.0,0,,,,,,0,0.0,0,0.0,0,0.0,0,0.0,0,0.0,0,0.0,0,,,,,,,0.9397246263166726,0.9609720541311586,0.6503474173229958,0.7121428665341689,30.0,15.0,10.0,,,,15.0,7.5,7.5
2017-10,BTC_USDT,2h,0,0.0,0,0.0,0,0.0,0,,,,0,0.0,0,0.0,0,0.0,0,0.0,0,0.0,0,,,,,,0,0.0,0,0.0,0,0.0,0,0.0,0,0.0,0,0.0,0,,,,,,,0.9279544000153241,0.9423428505241078,0.2706102603420201,0.2336102376016049,360.0,180.0,120.0,,,,180.0,90.0,72.0
2017-11,BTC_USD,2h,0,0.0,0,0.0,0,0.0,0,,,,0,0.0,0,0.0,0,0.0,0,0.0,0,0.0,0,,,,,,0,0.0,0,0.0,0,0.0,0,0.0,0,0.0,0,0.0,0,,,,,,,0.9171267331837698,0.933161549635439,0.1298069265764087,0.11973621048844654,360.0,180.0,120.0,,,,11.999999999999998,36.0,36.0
2017-11,BTC_USDT,1d,0,0.0,0,0.0,0,0.0,0,,,,0,0.0,0,0.0,0,0.0,0,0.0,0,0.0,0,,,,,,0,0.0,0,0.0,0,0.0,0,0.0,0,0.0,0,0.0,0,,,,,,,0.9265369224258689,0.9411857559922787,0.6583391409652499,0.6370645986350248,30.0,15.0,10.0,,,,30.0,7.5,7.5
2017-11,BTC_USDT,2h,0,0.0,0,0.0,0,0.0,0,,,,0,0.0,0,0.0,0,0.0,0,0.0,0,0.0,0,,,,,,0,0.0,0,0.0,0,0.0,0,0.0,0,0.0,0,0.0,0,,,,,,,0.9158088500974737,0.933061668921709,0.3018178137607448,0.3002383266606973,360.0,180.0,120.0,,,,360.0,90.0,72.0
2017-12,BTC_USD,2h,0,0.0,0,0.0,0,0.0,0,,,,0,0.0,0,0.0,0,0.0,0,0.0,0,0.0,0,,,,,,0,0.0,0,0.0,0,0.0,0,0.0,0,0.0,0,0.0,0,,,,,,,0.9439204155341203,0.9467569929916574,0.2918645374135384,0.2776526381754176,360.0,180.0,120.0,,,,180.0,120.0,51.42857142857143
2017-12,BTC_USDT,1d,0,0.0,0,0.0,0,0.0,0,,,,0,0.0,0,0.0,0,0.0,0,0.0,0,0.0,0,,,,,,0,0.0,0,0.0,0,0.0,0,0.0,0,0.0,0,0.0,0,,,,,,,0.9543458907626876,0.9623375265707346,0.7176840060620021,0.7059100031230464,30.0,15.0,10.0,,,,15.0,10.0,7.5
2017-12,BTC_USDT,2h,0,0.0,0,0.0,0,0.0,0,,,,0,0.0,0,0.0,0,0.0,0,0.0,0,0.0,0,,,,,,0,0.0,0,0.0,0,0.0,0,0.0,0,0.0,0,0.0,0,,,,,,,0.9379054290258083,0.9385258341872424,0.45664780696543944,0.4354292536413063,360.0,180.0,120.0,,,,180.0,120.0,90.0
2018-01,BTC_USD,2h,0,0.0,0,0.0,0,0.0,0,,,,0,0.0,0,0.0,0,0.0,0,0.0,0,0.0,0,,,,,,0,0.0,0,0.0,0,0.0,0,0.0,0,0.0,0,0.0,0,,,,,,,0.8916216221092816,0.8947002050288843,0.35833367150012435,0.3487679154544453,360.0,180.0,120.0,,,,180.0,90.0,90.0
2018-01,BTC_USDT,1d,0,0.0,0,0.0,0,0.0,0,,,,0,0.0,0,0.0,0,0.0,0,0.0,0,0.0,0,,,,,,0,0.0,0,0.0,0,0.0,0,0.0,0,0.0,0,0.0,0,,,,,,,0.9106801527010949,0.9167895080799064,0.6054951608338746,0.6392911287619805,30.0,15.0,10.0,,,,15.0,6.0,6.0
2018-01,BTC_USDT,2h,0,0.0,0,0.0,0,0.0,0,,,,0,0.0,0,0.0,0,0.0,0,0.0,0,0.0,0,,,,,,0,0.0,0,0.0,0,0.0,0,0.0,0,0.0,0,0.0,0,,,,,,,0.8880742991400068,0.889615621578413,0.31498119441136224,0.3308583576943118,360.0,180.0,120.0,,,,180.0,72.0,72.0
2018-02,BTC_USD,2h,0,0.0,0,0.0,0,0.0,0,,,,0,0.0,0,0.0,0,0.0,0,0.0,0,0.0,0,,,,,,0,0.0,0,0.0,0,0.0,0,0.0,0,0.0,0,0.0,0,,,,,,,0.8731987388894361,0.9128395285392197,0.3858312898633254,0.3993818225235757,360.0,180.0,90.0,,,,270.0,180.0,60.0
2018-02,BTC_USDT,1d,0,0.0,0,0.0,0,0.0,0,,,,0,0.0,0,0.0,0,0.0,0,0.0,0,0.0,0,,,,,,0,0.0,0,0.0,0,0.0,0,0.0,0,0.0,0,0.0,0,,,,,,,0.8950443648922303,0.9402782697538221,0.5817993331544791,0.6329237953038345,30.0,15.0,7.5,,,,15.0,15.0,5.0
2018-02,BTC_USDT,2h,0,0.0,0,0.0,0,0.0,0,,,,0,0.0,0,0.0,0,0.0,0,0.0,0,0.0,0,,,,,,0,0.0,0,0.0,0,0.0,0,0.0,0,0.0,0,0.0,0,,,,,,,0.8489493467811712,0.9098466734349695,0.37639828541844444,0.3827423023453307,360.0,180.0,72.0,,,,180.0,180.0,60.0
2018-03,BTC_USD,2h,0,0.0,0,0.0,0,0.0,0,,,,0,0.0,0,0.0,0,0.0,0,0.0,0,0.0,0,,,,,,0,0.0,0,0.0,0,0.0,0,0.0,0,0.0,0,0.0,0,,,,,,,0.9168243395922065,0.921046833754573,0.24397407933344234,0.2256276570845404,360.0,180.0,120.0,,,,180.0,360.0,90.0
2018-03,BTC_USDT,1d,0,0.0,0,0.0,0,0.0,0,,,,0,0.0,0,0.0,0,0.0,0,0.0,0,0.0,0,,,,,,0,0.0,0,0.0,0,0.0,0,0.0,0,0.0,0,0.0,0,,,,,,,0.9295093242064965,0.9281286593748982,0.7423117281982008,0.7777581110526468,30.0,15.0,10.0,,,,30.0,15.0,7.5
2018-03,BTC_USDT,2h,0,0.0,0,0.0,0,0.0,0,,,,0,0.0,0,0.0,0,0.0,0,0.0,0,0.0,0,,,,,,0,0.0,0,0.0,0,0.0,0,0.0,0,0.0,0,0.0,0,,,,,,,0.915100710879562,0.9194318306324905,0.3015731027763562,0.274185044841796,360.0,180.0,120.0,,,,360.0,180.0,90.0
2018-04,BTC_USD,2h,0,0.0,0,0.0,0,0.0,0,,,,0,0.0,0,0.0,0,0.0,0,0.0,0,0.0,0,,,,,,0,0.0,0,0.0,0,0.0,0,0.0,0,0.0,0,0.0,0,,,,,,,0.90394864144869,0.9336374343603366,0.15704811226180024,0.1572923255711719,360.0,180.0,120.0,,,,120.0,270.0,40.0
2018-04,BTC_USDT,1d,0,0.0,0,0.0,0,0.0,0,,,,0,0.0,0,0.0,0,0.0,0,0.0,0,0.0,0,,,,,,0,0.0,0,0.0,0,0.0,0,0.0,0,0.0,0,0.0,0,,,,,,,0.9348016507847203,0.9450557800870202,0.44226851547162277,0.44018401769232035,30.0,15.0,10.0,,,,7.5,5.892857142857142,6.75
2018-04,BTC_USDT,2h,0,0.0,0,0.0,0,0.0,0,,,,0,0.0,0,0.0,0,0.0,0,0.0,0,0.0,0,,,,,,0,0.0,0,0.0,0,0.0,0,0.0,0,0.0,0,0.0,0,,,,,,,0.9032049193884013,0.9332770450008547,0.12261736136730532,0.12147517911995834,360.0,180.0,120.0,,,,45.0,40.0,48.214285714285715
2018-05,BTC_USD,2h,0,0.0,0,0.0,0,0.0,0,,,,0,0.0,0,0.0,0,0.0,0,0.0,0,0.0,0,,,,,,0,0.0,0,0.0,0,0.0,0,0.0,0,0.0,0,0.0,0,,,,,,,0.8952656012886792,0.8949720447525613,0.23797814653550217,0.2595191992670461,360.0,180.0,90.0,,,,180.0,360.0,72.0
2018-05,BTC_USDT,1d,0,0.0,0,0.0,0,0.0,0,,,,0,0.0,0,0.0,0,0.0,0,0.0,0,0.0,0,,,,,,0,0.0,0,0.0,0,0.0,0,0.0,0,0.0,0,0.0,0,,,,,,,0.8737588703458946,0.8994080497115086,0.4637171225245704,0.464732601309867,30.0,15.0,7.5,,,,15.0,15.0,4.285714285714286
2018-05,BTC_USDT,2h,0,0.0,0,0.0,0,0.0,0,,,,0,0.0,0,0.0,0,0.0,0,0.0,0,0.0,0,,,,,,0,0.0,0,0.0,0,0.0,0,0.0,0,0.0,0,0.0,0,,,,,,,0.896454462905632,0.8954677982313471,0.1561680344034581,0.1606896466179594,360.0,180.0,90.0,,,,51.42857142857143,120.0,72.0
2018-06,BTC_USD,2h,0,0.0,0,0.0,0,0.0,0,,,,0,0.0,0,0.0,0,0.0,0,0.0,0,0.0,0,,,,,,0,0.0,0,0.0,0,0.0,0,0.0,0,0.0,0,0.0,0,,,,,,,0.9087884428417958,0.933709445288286,0.2580149144897309,0.24436781378566325,360.0,180.0,120.0,,,,90.0,90.0,72.0
2018-06,BTC_USDT,1d,0,0.0,0,0.0,0,0.0,0,,,,0,0.0,0,0.0,0,0.0,0,0.0,0,0.0,0,,,,,,0,0.0,0,0.0,0,0.0,0,0.0,0,0.0,0,0.0,0,,,,,,,0.9167450938948348,0.9350987134966837,0.6194101138909309,0.662884176462142,30.0,15.0,10.0,,,,7.5,7.5,7.5
2018-06,BTC_USDT,2h,0,0.0,0,0.0,0,0.0,0,,,,0,0.0,0,0.0,0,0.0,0,0.0,0,0.0,0,,,,,,0,0.0,0,0.0,0,0.0,0,0.0,0,0.0,0,0.0,0,,,,,,,0.907610523775187,0.932788376058763,0.19750815638472802,0.18181351541049565,360.0,180.0,120.0,,,,90.0,90.0,60.0
2018-07,BTC_USD,2h,0,0.0,0,0.0,0,0.0,0,,,,0,0.0,0,0.0,0,0.0,0,0.0,0,0.0,0,,,,,,0,0.0,0,0.0,0,0.0,0,0.0,0,0.0,0,0.0,0,,,,,,,0.8766344412208578,0.8728991224813323,0.14988898571925902,0.140563418076368,360.0,180.0,90.0,,,,90.0,72.0,72.0
2018-07,BTC_USDT,1d,0,0.0,0,0.0,0,0.0,0,,,,0,0.0,0,0.0,0,0.0,0,0.0,0,0.0,0,,,,,,0,0.0,0,0.0,0,0.0,0,0.0,0,0.0,0,0.0,0,,,,,,,0.8941993276827573,0.8694065232245167,0.5514523383403002,0.4303183764080783,30.0,15.0,10.0,,,,10.0,7.5,6.0
2018-07,BTC_USDT,2h,0,0.0,0,0.0,0,0.0,0,,,,0,0.0,0,0.0,0,0.0,0,0.0,0,0.0,0,,,,,,0,0.0,0,0.0,0,0.0,0,0.0,0,0.0,0,0.0,0,,,,,,,0.8764166798307774,0.8724564893226112,0.1696664909466866,0.1478291839873188,360.0,180.0,120.0,,,,90.0,120.0,45.0
2018-08,BTC_USD,2h,0,0.0,0,0.0,0,0.0,0,,,,0,0.0,0,0.0,0,0.0,0,0.0,0,0.0,0,,,,,,0,0.0,0,0.0,0,0.0,0,0.0,0,0.0,0,0.0,0,,,,,,,0.9523492391775816,0.9598532671278144,0.15827482988672212,0.1596586068861785,360.0,180.0,60.0,,,,90.0,72.0,45.0
2018-08,BTC_USDT,1d,0,0.0,0,0.0,0,0.0,0,,,,0,0.0,0,0.0,0,0.0,0,0.0,0,0.0,0,,,,,,0,0.0,0,0.0,0,0.0,0,0.0,0,0.0,0,0.0,0,,,,,,,0.9601068810843144,0.9618642242342668,0.746817414671291,0.7531404828589757,30.0,15.0,4.285714285714286,,,,7.5,6.0,6.0
2018-08,BTC_USDT,2h,0,0.0,0,0.0,0,0.0,0,,,,0,0.0,0,0.0,0,0.0,0,0.0,0,0.0,0,,,,,,0,0.0,0,0.0,0,0.0,0,0.0,0,0.0,0,0.0,0,,,,,,,0.9536264375688536,0.9619970207334552,0.18208469418625955,0.1675605588092295,360.0,180.0,60.0,,,,90.0,72.0,45.0
2018-09,BTC_USD,2h,0,0.0,0,0.0,0,0.0,0,,,,0,0.0,0,0.0,0,0.0,0,0.0,0,0.0,0,,,,,,0,0.0,0,0.0,0,0.0,0,0.0,0,0.0,0,0.0,0,,,,,,,0.9116220344236213,0.9216563371102049,0.194208015620971,0.2058674856205094,360.0,180.0,120.0,,,,90.0,72.0,51.42857142857143
2018-09,BTC_USDT,1d,0,0.0,0,0.0,0,0.0,0,,,,0,0.0,0,0.0,0,0.0,0,0.0,0,0.0,0,,,,,,0,0.0,0,0.0,0,0.0,0,0.0,0,0.0,0,0.0,0,,,,,,,0.9469596464322874,0.9598687839479623,0.6114213495791161,0.6192957289902911,30.0,15.0,10.0,,,,7.5,7.5,6.75
2018-09,BTC_USDT,2h,0,0.0,0,0.0,0,0.0,0,,,,0,0.0,0,0.0,0,0.0,0,0.0,0,0.0,0,,,,,,0,0.0,0,0.0,0,0.0,0,0.0,0,0.0,0,0.0,0,,,,,,,0.9125659593521627,0.9227741090432682,0.2057012606019681,0.18474532132676796,360.0,180.0,120.0,,,,90.0,51.42857142857143,61.714285714285715
2018-10,BTC_USD,2h,0,0.0,0,0.0,0,0.0,0,,,,0,0.0,0,0.0,0,0.0,0,0.0,0,0.0,0,,,,,,0,0.0,0,0.0,0,0.0,0,0.0,0,0.0,0,0.0,0,,,,,,,0.8259234972905053,0.8469455243358335,0.10089139317066656,0.097097815747966,180.0,120.0,120.0,,,,72.0,45.0,45.0
2018-10,BTC_USDT,1d,0,0.0,0,0.0,0,0.0,0,,,,0,0.0,0,0.0,0,0.0,0,0.0,0,0.0,0,,,,,,0,0.0,0,0.0,0,0.0,0,0.0,0,0.0,0,0.0,0,,,,,,,0.8241505420406448,0.840479534833321,0.4279010021784571,0.3628349653093898,10.0,7.5,15.0,,,,15.0,4.285714285714286,4.285714285714286
2018-10,BTC_USDT,2h,0,0.0,0,0.0,0,0.0,0,,,,0,0.0,0,0.0,0,0.0,0,0.0,0,0.0,0,,,,,,0,0.0,0,0.0,0,0.0,0,0.0,0,0.0,0,0.0,0,,,,,,,0.7642195504965151,0.784919457232036,0.16422743576790552,0.1275852415824412,90.0,90.0,180.0,,,,180.0,51.42857142857143,45.0
2018-11,BTC_USD,2h,0,0.0,0,0.0,0,0.0,0,,,,0,0.0,0,0.0,0,0.0,0,0.0,0,0.0,0,,,,,,0,0.0,0,0.0,0,0.0,0,0.0,0,0.0,0,0.0,0,,,,,,,0.8749858132211205,0.8745955152204961,0.23810448698725145,0.2726548379016024,360.0,180.0,90.0,,,,90.0,90.0,60.0
2018-11,BTC_USDT,1d,0,0.0,0,0.0,0,0.0,0,,,,0,0.0,0,0.0,0,0.0,0,0.0,0,0.0,0,,,,,,0,0.0,0,0.0,0,0.0,0,0.0,0,0.0,0,0.0,0,,,,,,,0.9178852724449514,0.9072154010050235,0.7739605321870234,0.8524189063540841,30.0,15.0,8.75,,,,30.0,7.5,5.5
2018-11,BTC_USDT,2h,0,0.0,0,0.0,0,0.0,0,,,,0,0.0,0,0.0,0,0.0,0,0.0,0,0.0,0,,,,,,0,0.0,0,0.0,0,0.0,0,0.0,0,0.0,0,0.0,0,,,,,,,0.8988276216659442,0.9015006613424418,0.4005018806641733,0.4461086723773094,360.0,180.0,105.0,,,,360.0,90.0,45.0
2018-12,BTC_USD,2h,0,0.0,0,0.0,0,0.0,0,,,,0,0.0,0,0.0,0,0.0,0,0.0,0,0.0,0,,,,,,0,0.0,0,0.0,0,0.0,0,0.0,0,0.0,0,0.0,0,,,,,,,0.9190830087708075,0.941396695443319,0.24744533434121568,0.2399978954287365,360.0,180.0,120.0,,,,90.0,60.0,90.0
2018-12,BTC_USDT,1d,0,0.0,0,0.0,0,0.0,0,,,,0,0.0,0,0.0,0,0.0,0,0.0,0,0.0,0,,,,,,0,0.0,0,0.0,0,0.0,0,0.0,0,0.0,0,0.0,0,,,,,,,0.9380242403526216,0.9511913868888172,0.7370130463088638,0.7373515468612334,30.0,15.0,10.0,,,,15.0,10.0,7.5
2018-12,BTC_USDT,2h,0,0.0,0,0.0,0,0.0,0,,,,0,0.0,0,0.0,0,0.0,0,0.0,0,0.0,0,,,,,,0,0.0,0,0.0,0,0.0,0,0.0,0,0.0,0,0.0,0,,,,,,,0.9299927069336527,0.9469692746742427,0.2967644552426709,0.3104077759315677,360.0,180.0,120.0,,,,180.0,120.0,72.0
2019-01,BTC_USD,2h,0,0.0,0,0.0,0,0.0,0,,,,0,0.0,0,0.0,0,0.0,0,0.0,0,0.0,0,,,,,,0,0.0,0,0.0,0,0.0,0,0.0,0,0.0,0,0.0,0,,,,,,,0.7837305167796634,0.8310574005292426,0.25809446270535075,0.2925308153237387,360.0,180.0,120.0,,,,180.0,90.0,120.0
2019-01,BTC_USDT,1d,0,0.0,0,0.0,0,0.0,0,,,,0,0.0,0,0.0,0,0.0,0,0.0,0,0.0,0,,,,,,0,0.0,0,0.0,0,0.0,0,0.0,0,0.0,0,0.0,0,,,,,,,0.7827012768786642,0.8348153210924679,0.6385495827600454,0.7522148999773336,30.0,15.0,10.0,,,,30.0,15.0,4.285714285714286
2019-01,BTC_USDT,2h,0,0.0,0,0.0,0,0.0,0,,,,0,0.0,0,0.0,0,0.0,0,0.0,0,0.0,0,,,,,,0,0.0,0,0.0,0,0.0,0,0.0,0,0.0,0,0.0,0,,,,,,,0.7952958061312991,0.8388237971366486,0.2160075662356671,0.2708316784124455,360.0,180.0,120.0,,,,180.0,180.0,51.42857142857143
2019-02,BTC_USD,2h,0,0.0,0,0.0,0,0.0,0,,,,0,0.0,0,0.0,0,0.0,0,0.0,0,0.0,0,,,,,,0,0.0,0,0.0,0,0.0,0,0.0,0,0.0,0,0.0,0,,,,,,,0.8486804920805676,0.8926962963099074,0.14434050750633595,0.1446843929085347,360.0,180.0,90.0,,,,11.999999999999998,58.5,58.5
2019-02,BTC_USDT,1d,0,0.0,0,0.0,0,0.0,0,,,,0,0.0,0,0.0,0,0.0,0,0.0,0,0.0,0,,,,,,0,0.0,0,0.0,0,0.0,0,0.0,0,0.0,0,0.0,0,,,,,,,0.8471015969185547,0.8769236980917346,0.4895199583662834,0.5156323145917752,30.0,15.0,7.5,,,,10.0,6.0,3.5064935064935066
2019-02,BTC_USDT,2h,0,0.0,0,0.0,0,0.0,0,,,,0,0.0,0,0.0,0,0.0,0,0.0,0,0.0,0,,,,,,0,0.0,0,0.0,0,0.0,0,0.0,0,0.0,0,0.0,0,,,,,,,0.8317583474283382,0.8839657141662164,0.08474239333899117,0.08310744281449081,360.0,150.0,90.0,,,,11.999999999999998,120.0,31.363636363636363
2019-03,BTC_USD,2h,0,0.0,0,0.0,0,0.0,0,,,,0,0.0,0,0.0,0,0.0,0,0.0,0,0.0,0,,,,,,0,0.0,0,0.0,0,0.0,0,0.0,0,0.0,0,0.0,0,,,,,,,0.7898769889269582,0.8327167293237147,0.12044218827645779,0.1181113491610214,360.0,180.0,120.0,,,,72.0,11.999999999999998,60.0
2019-03,BTC_USDT,1d,0,0.0,0,0.0,0,0.0,0,,,,0,0.0,0,0.0,0,0.0,0,0.0,0,0.0,0,,,,,,0,0.0,0,0.0,0,0.0,0,0.0,0,0.0,0,0.0,0,,,,,,,0.7764778233512576,0.8064536794537714,0.4583116483789092,0.4806144453653028,30.0,15.0,10.0,,,,4.285714285714286,7.5,7.5
2019-03,BTC_USDT,2h,0,0.0,0,0.0,0,0.0,0,,,,0,0.0,0,0.0,0,0.0,0,0.0,0,0.0,0,,,,,,0,0.0,0,0.0,0,0.0,0,0.0,0,0.0,0,0.0,0,,,,,,,0.8072013449089724,0.8516655898427177,0.10393199754098205,0.0799104610623994,360.0,180.0,120.0,,,,11.999999999999998,51.42857142857143,11.999999999999998
2019-04,BTC_USD,2h,0,0.0,0,0.0,0,0.0,0,,,,0,0.0,0,0.0,0,0.0,0,0.0,0,0.0,0,,,,,,0,0.0,0,0.0,0,0.0,0,0.0,0,0.0,0,0.0,0,,,,,,,0.9290048245011927,0.9431791429117867,0.32678084024605136,0.333308263157993,360.0,180.0,120.0,,,,360.0,90.0,90.0
2019-04,BTC_USDT,1d,0,0.0,0,0.0,0,0.0,0,,,,0,0.0,0,0.0,0,0.0,0,0.0,0,0.0,0,,,,,,0,0.0,0,0.0,0,0.0,0,0.0,0,0.0,0,0.0,0,,,,,,,0.9193115304624755,0.9412329204155565,0.7397251399403213,0.7520606000607821,30.0,15.0,10.0,,,,30.0,7.5,6.75
2019-04,BTC_USDT,2h,0,0.0,0,0.0,0,0.0,0,,,,0,0.0,0,0.0,0,0.0,0,0.0,0,0.0,0,,,,,,0,0.0,0,0.0,0,0.0,0,0.0,0,0.0,0,0.0,0,,,,,,,0.9253691457391623,0.947149113778342,0.28441250257217315,0.30022294144577155,360.0,180.0,120.0,,,,360.0,90.0,81.0
2019-05,BTC_USD,2h,0,0.0,0,0.0,0,0.0,0,,,,0,0.0,0,0.0,0,0.0,0,0.0,0,0.0,0,,,,,,0,0.0,0,0.0,0,0.0,0,0.0,0,0.0,0,0.0,0,,,,,,,0.9022168794164985,0.937849335049716,0.3065762510108731,0.3263542987110247,360.0,180.0,120.0,,,,360.0,180.0,120.0
2019-05,BTC_USDT,1d,0,0.0,0,0.0,0,0.0,0,,,,0,0.0,0,0.0,0,0.0,0,0.0,0,0.0,0,,,,,,0,0.0,0,0.0,0,0.0,0,0.0,0,0.0,0,0.0,0,,,,,,,0.9035648489261761,0.9439545995373316,0.7980332847764772,0.8088012448992574,30.0,15.0,10.0,,,,30.0,15.0,7.5
2019-05,BTC_USDT,2h,0,0.0,0,0.0,0,0.0,0,,,,0,0.0,0,0.0,0,0.0,0,0.0,0,0.0,0,,,,,,0,0.0,0,0.0,0,0.0,0,0.0,0,0.0,0,0.0,0,,,,,,,0.907084645972081,0.9392256290422828,0.28928722890919234,0.3026696791967425,360.0,180.0,120.0,,,,360.0,120.0,120.0
2019-06,BTC_USD,2h,0,0.0,0,0.0,0,0.0,0,,,,0,0.0,0,0.0,0,0.0,0,0.0,0,0.0,0,,,,,,0,0.0,0,0.0,0,0.0,0,0.0,0,0.0,0,0.0,0,,,,,,,0.8910671768693987,0.8792834277551083,0.18813187798950776,0.19454190995179635,360.0,180.0,72.0,,,,270.0,60.0,40.0
2019-06,BTC_USDT,1d,0,0.0,0,0.0,0,0.0,0,,,,0,0.0,0,0.0,0,0.0,0,0.0,0,0.0,0,,,,,,0,0.0,0,0.0,0,0.0,0,0.0,0,0.0,0,0.0,0,,,,,,,0.9083409881085374,0.911046765849699,0.49887917921899266,0.46334393465421264,30.0,15.0,6.0,,,,6.0,5.0,4.642857142857142
2019-06,BTC_USDT,2h,0,0.0,0,0.0,0,0.0,0,,,,0,0.0,0,0.0,0,0.0,0,0.0,0,0.0,0,,,,,,0,0.0,0,0.0,0,0.0,0,0.0,0,0.0,0,0.0,0,,,,,,,0.8976643329488998,0.8927807917063066,0.17717746116377073,0.14027708377690806,360.0,180.0,72.0,,,,216.0,66.0,40.0
2019-07,BTC_USD,2h,0,0.0,0,0.0,0,0.0,0,,,,0,0.0,0,0.0,0,0.0,0,0.0,0,0.0,0,,,,,,0,0.0,0,0.0,0,0.0,0,0.0,0,0.0,0,0.0,0,,,,,,,0.8121367750398683,0.8315461899122196,0.2794570420707709,0.3195748636454559,360.0,180.0,120.0,,,,90.0,72.0,120.0
2019-07,BTC_USDT,1d,0,0.0,0,0.0,0,0.0,0,,,,0,0.0,0,0.0,0,0.0,0,0.0,0,0.0,0,,,,,,0,0.0,0,0.0,0,0.0,0,0.0,0,0.0,0,0.0,0,,,,,,,0.8284456153272778,0.8208489523107361,0.7240571557815623,0.7246137715845187,30.0,15.0,10.0,,,,30.0,6.0,15.0
2019-07,BTC_USDT,2h,0,0.0,0,0.0,0,0.0,0,,,,0,0.0,0,0.0,0,0.0,0,0.0,0,0.0,0,,,,,,0,0.0,0,0.0,0,0.0,0,0.0,0,0.0,0,0.0,0,,,,,,,0.828404247212858,0.8421845836409565,0.29469853311973526,0.3262828324279291,360.0,180.0,120.0,,,,90.0,72.0,180.0
2019-08,BTC_USD,2h,0,0.0,0,0.0,0,0.0,0,,,,0,0.0,0,0.0,0,0.0,0,0.0,0,0.0,0,,,,,,0,0.0,0,0.0,0,0.0,0,0.0,0,0.0,0,0.0,0,,,,,,,0.927608080110899,0.9520605558603744,0.2579901975171307,0.2646579711328615,360.0,180.0,120.0,,,,180.0,120.0,120.0
2019-08,BTC_USDT,1d,0,0.0,0,0.0,0,0.0,0,,,,0,0.0,0,0.0,0,0.0,0,0.0,0,0.0,0,,,,,,0,0.0,0,0.0,0,0.0,0,0.0,0,0.0,0,0.0,0,,,,,,,0.9287478902809169,0.9544748711034314,0.8382485739946269,0.8442051420930494,30.0,15.0,10.0,,,,15.0,15.0,7.5
2019-08,BTC_USDT,2h,0,0.0,0,0.0,0,0.0,0,,,,0,0.0,0,0.0,0,0.0,0,0.0,0,0.0,0,,,,,,0,0.0,0,0.0,0,0.0,0,0.0,0,0.0,0,0.0,0,,,,,,,0.9315487123306138,0.957464404175467,0.23462729769125887,0.2375462547968097,360.0,180.0,120.0,,,,180.0,180.0,11.999999999999998
2019-09,BTC_USD,2h,0,0.0,0,0.0,0,0.0,0,,,,0,0.0,0,0.0,0,0.0,0,0.0,0,0.0,0,,,,,,0,0.0,0,0.0,0,0.0,0,0.0,0,0.0,0,0.0,0,,,,,,,0.8822962866745093,0.8820724034048725,0.18783353298133101,0.1693961051270755,360.0,120.0,150.0,,,,90.0,72.0,60.0
2019-09,BTC_USDT,1d,0,0.0,0,0.0,0,0.0,0,,,,0,0.0,0,0.0,0,0.0,0,0.0,0,0.0,0,,,,,,0,0.0,0,0.0,0,0.0,0,0.0,0,0.0,0,0.0,0,,,,,,,0.9032438427292893,0.9138826222092912,0.5720615270809016,0.5656560048119633,30.0,10.0,10.0,,,,7.5,7.5,3.75
2019-09,BTC_USDT,2h,0,0.0,0,0.0,0,0.0,0,,,,0,0.0,0,0.0,0,0.0,0,0.0,0,0.0,0,,,,,,0,0.0,0,0.0,0,0.0,0,0.0,0,0.0,0,0.0,0,,,,,,,0.8908933203761895,0.8849560373246501,0.13103241678038804,0.1284160630925347,360.0,120.0,150.0,,,,81.0,55.714285714285715,31.714285714285715
2019-10,BTC_USD,2h,0,0.0,0,0.0,0,0.0,0,,,,0,0.0,0,0.0,0,0.0,0,0.0,0,0.0,0,,,,,,0,0.0,0,0.0,0,0.0,0,0.0,0,0.0,0,0.0,0,,,,,,,0.8922994274348457,0.9553139209697402,0.19049288429864963,0.2075826488348459,360.0,180.0,120.0,,,,180.0,90.0,90.0
2019-10,BTC_USDT,1d,0,0.0,0,0.0,0,0.0,0,,,,0,0.0,0,0.0,0,0.0,0,0.0,0,0.0,0,,,,,,0,0.0,0,0.0,0,0.0,0,0.0,0,0.0,0,0.0,0,,,,,,,0.9006691667103968,0.9645711028802152,0.6837643196380937,0.6987268571924868,30.0,15.0,10.0,,,,15.0,7.5,7.5
2019-10,BTC_USDT,2h,0,0.0,0,0.0,0,0.0,0,,,,0,0.0,0,0.0,0,0.0,0,0.0,0,0.0,0,,,,,,0,0.0,0,0.0,0,0.0,0,0.0,0,0.0,0,0.0,0,,,,,,,0.8984981489716254,0.9565623375789796,0.1801862501170712,0.1732410909106692,360.0,180.0,120.0,,,,180.0,72.0,72.0
2019-11,BTC_USD,2h,0,0.0,0,0.0,0,0.0,0,,,,0,0.0,0,0.0,0,0.0,0,0.0,0,0.0,0,,,,,,0,0.0,0,0.0,0,0.0,0,0.0,0,0.0,0,0.0,0,,,,,,,0.8988923258209849,0.9095666825003785,0.3102003972928679,0.3177434091109897,360.0,180.0,90.0,,,,360.0,180.0,120.0
2019-11,BTC_USDT,1d,0,0.0,0,0.0,0,0.0,0,,,,0,0.0,0,0.0,0,0.0,0,0.0,0,0.0,0,,,,,,0,0.0,0,0.0,0,0.0,0,0.0,0,0.0,0,0.0,0,,,,,,,0.928130763151678,0.9321386024226201,0.7418251353493007,0.7528273899469349,30.0,15.0,7.5,,,,30.0,15.0,10.0
2019-11,BTC_USDT,2h,0,0.0,0,0.0,0,0.0,0,,,,0,0.0,0,0.0,0,0.0,0,0.0,0,0.0,0,,,,,,0,0.0,0,0.0,0,0.0,0,0.0,0,0.0,0,0.0,0,,,,,,,0.8989375069262345,0.9055332636555279,0.28112275353870175,0.2873020405074146,360.0,180.0,90.0,,,,360.0,180.0,120.0
2019-12,BTC_USD,2h,0,0.0,0,0.0,0,0.0,0,,,,0,0.0,0,0.0,0,0.0,0,0.0,0,0.0,0,,,,,,0,0.0,0,0.0,0,0.0,0,0.0,0,0.0,0,0.0,0,,,,,,,0.8661938467686648,0.8604150003319977,0.20699330950175604,0.1916698198232298,360.0,180.0,120.0,,,,90.0,11.999999999999998,180.0
2019-12,BTC_USDT,1d,0,0.0,0,0.0,0,0.0,0,,,,0,0.0,0,0.0,0,0.0,0,0.0,0,0.0,0,,,,,,0,0.0,0,0.0,0,0.0,0,0.0,0,0.0,0,0.0,0,,,,,,,0.8818496447113061,0.9126245782185268,0.5805829394530105,0.5598015914787894,30.0,15.0,10.0,,,,30.0,15.0,3.333333333333333
2019-12,BTC_USDT,2h,0,0.0,0,0.0,0,0.0,0,,,,0,0.0,0,0.0,0,0.0,0,0.0,0,0.0,0,,,,,,0,0.0,0,0.0,0,0.0,0,0.0,0,0.0,0,0.0,0,,,,,,,0.8668677797513392,0.8544617016379289,0.20395625747533047,0.2094379823776913,360.0,180.0,120.0,,,,360.0,11.999999999999998,72.0
2020-01,BTC_USD,2h,0,0.0,0,0.0,0,0.0,0,,,,0,0.0,0,0.0,0,0.0,0,0.0,0,0.0,0,,,,,,0,0.0,0,0.0,0,0.0,0,0.0,0,0.0,0,0.0,0,,,,,,,0.8298163960368963,0.9002437076300038,0.22036452070333076,0.2230574296813452,360.0,180.0,120.0,,,,90.0,60.0,72.0
2020-01,BTC_USDT,1d,0,0.0,0,0.0,0,0.0,0,,,,0,0.0,0,0.0,0,0.0,0,0.0,0,0.0,0,,,,,,0,0.0,0,0.0,0,0.0,0,0.0,0,0.0,0,0.0,0,,,,,,,0.7982762661217827,0.899064023741289,0.6259019056881289,0.6560770715317975,30.0,15.0,10.0,,,,30.0,7.5,6.0
2020-01,BTC_USDT,2h,0,0.0,0,0.0,0,0.0,0,,,,0,0.0,0,0.0,0,0.0,0,0.0,0,0.0,0,,,,,,0,0.0,0,0.0,0,0.0,0,0.0,0,0.0,0,0.0,0,,,,,,,0.8313952644132383,0.9026188090897154,0.24946865664755946,0.2693777241914384,360.0,180.0,120.0,,,,360.0,90.0,51.42857142857143
2020-02,BTC_USD,2h,0,0.0,0,0.0,0,0.0,0,,,,0,0.0,0,0.0,0,0.0,0,0.0,0,0.0,0,,,,,,0,0.0,0,0.0,0,0.0,0,0.0,0,0.0,0,0.0,0,,,,,,,0.9089755025570854,0.9136788094038052,0.10864217425210475,0.1011144572202192,360.0,180.0,120.0,,,,51.42857142857143,90.0,18.0
2020-02,BTC_USDT,1d,0,0.0,0,0.0,0,0.0,0,,,,0,0.0,0,0.0,0,0.0,0,0.0,0,0.0,0,,,,,,0,0.0,0,0.0,0,0.0,0,0.0,0,0.0,0,0.0,0,,,,,,,0.9191738538794849,0.9247253585744925,0.6509146974463806,0.6632927213636675,30.0,15.0,10.0,,,,7.5,7.5,10.0
2020-02,BTC_USDT,2h,0,0.0,0,0.0,0,0.0,0,,,,0,0.0,0,0.0,0,0.0,0,0.0,0,0.0,0,,,,,,0,0.0,0,0.0,0,0.0,0,0.0,0,0.0,0,0.0,0,,,,,,,0.9136109365180067,0.9197541176567986,0.14078033194011033,0.1286691974098457,360.0,180.0,120.0,,,,90.0,90.0,51.42857142857143
2020-03,BTC_USD,2h,0,0.0,0,0.0,0,0.0,0,,,,0,0.0,0,0.0,0,0.0,0,0.0,0,0.0,0,,,,,,0,0.0,0,0.0,0,0.0,0,0.0,0,0.0,0,0.0,0,,,,,,,0.9191796431484857,0.9295378257729072,0.30303362746826584,0.2802375508567958,360.0,180.0,120.0,,,,360.0,90.0,45.0
2020-03,BTC_USDT,1d,0,0.0,0,0.0,0,0.0,0,,,,0,0.0,0,0.0,0,0.0,0,0.0,0,0.0,0,,,,,,0,0.0,0,0.0,0,0.0,0,0.0,0,0.0,0,0.0,0,,,,,,,0.8982618068919908,0.8891755889413023,0.7351520301644887,0.7502477916373375,30.0,15.0,10.0,,,,30.0,15.0,3.75
2020-03,BTC_USDT,2h,0,0.0,0,0.0,0,0.0,0,,,,0,0.0,0,0.0,0,0.0,0,0.0,0,0.0,0,,,,,,0,0.0,0,0.0,0,0.0,0,0.0,0,0.0,0,0.0,0,,,,,,,0.9225019596306057,0.9286438448423237,0.3274846017832771,0.3236498216105926,360.0,180.0,120.0,,,,360.0,120.0,45.0
2020-04,BTC_USD,2h,0,0.0,0,0.0,0,0.0,0,,,,0,0.0,0,0.0,0,0.0,0,0.0,0,0.0,0,,,,,,0,0.0,0,0.0,0,0.0,0,0.0,0,0.0,0,0.0,0,,,,,,,0.8261249951785741,0.8399435432860479,0.11581040689412234,0.09165236938521415,360.0,180.0,120.0,,,,40.0,11.999999999999998,42.5
2020-04,BTC_USDT,1d,0,0.0,0,0.0,0,0.0,0,,,,0,0.0,0,0.0,0,0.0,0,0.0,0,0.0,0,,,,,,0,0.0,0,0.0,0,0.0,0,0.0,0,0.0,0,0.0,0,,,,,,,0.8487819634523169,0.8718743377730318,0.42140207618877273,0.4319338876509353,30.0,15.0,7.5,,,,4.285714285714286,3.75,3.75
2020-04,BTC_USDT,2h,0,0.0,0,0.0,0,0.0,0,,,,0,0.0,0,0.0,0,0.0,0,0.0,0,0.0,0,,,,,,0,0.0,0,0.0,0,0.0,0,0.0,0,0.0,0,0.0,0,,,,,,,0.8289038723680674,0.8420096230984719,0.12144461844012717,0.108561358638186,360.0,180.0,120.0,,,,40.0,11.999999999999998,40.0
2020-05,BTC_USD,2h,0,0.0,0,0.0,0,0.0,0,,,,0,0.0,0,0.0,0,0.0,0,0.0,0,0.0,0,,,,,,0,0.0,0,0.0,0,0.0,0,0.0,0,0.0,0,0.0,0,,,,,,,0.8919696050537959,0.9264634372957636,0.17857733580490642,0.1624316879547447,360.0,120.0,90.0,,,,120.0,90.0,45.0
2020-05,BTC_USDT,1d,0,0.0,0,0.0,0,0.0,0,,,,0,0.0,0,0.0,0,0.0,0,0.0,0,0.0,0,,,,,,0,0.0,0,0.0,0,0.0,0,0.0,0,0.0,0,0.0,0,,,,,,,0.898969033048779,0.9325534437208012,0.5114197029168791,0.5069739628458046,30.0,15.0,7.5,,,,3.75,7.5,6.0
2020-05,BTC_USDT,2h,0,0.0,0,0.0,0,0.0,0,,,,0,0.0,0,0.0,0,0.0,0,0.0,0,0.0,0,,,,,,0,0.0,0,0.0,0,0.0,0,0.0,0,0.0,0,0.0,0,,,,,,,0.8956491503351597,0.9261490379083184,0.15409982407131134,0.1331810043280577,360.0,120.0,90.0,,,,90.0,45.0,45.0
2020-06,BTC_USD,2h,0,0.0,0,0.0,0,0.0,0,,,,0,0.0,0,0.0,0,0.0,0,0.0,0,0.0,0,,,,,,0,0.0,0,0.0,0,0.0,0,0.0,0,0.0,0,0.0,0,,,,,,,0.7580461927281206,0.7553178708067109,0.0947898787312937,0.0747394841034016,360.0,180.0,120.0,,,,45.0,40.0,40.0
2020-06,BTC_USDT,1d,0,0.0,0,0.0,0,0.0,0,,,,0,0.0,0,0.0,0,0.0,0,0.0,0,0.0,0,,,,,,0,0.0,0,0.0,0,0.0,0,0.0,0,0.0,0,0.0,0,,,,,,,0.7305105161576663,0.7298930433456587,0.4019321792920195,0.4053564921298508,30.0,15.0,7.5,,,,6.0,4.285714285714286,4.285714285714286
2020-06,BTC_USDT,2h,0,0.0,0,0.0,0,0.0,0,,,,0,0.0,0,0.0,0,0.0,0,0.0,0,0.0,0,,,,,,0,0.0,0,0.0,0,0.0,0,0.0,0,0.0,0,0.0,0,,,,,,,0.764809083488466,0.7613710871534397,0.07454468911485977,0.05958334040384425,360.0,180.0,120.0,,,,40.0,40.0,40.0
2020-07,BTC_USD,2h,0,0.0,0,0.0,0,0.0,0,,,,0,0.0,0,0.0,0,0.0,0,0.0,0,0.0,0,,,,,,0,0.0,0,0.0,0,0.0,0,0.0,0,0.0,0,0.0,0,,,,,,,0.7653615705441759,0.7749793874412296,0.1973505189821486,0.1642818742513704,360.0,180.0,90.0,,,,51.42857142857143,90.0,72.0
2020-07,BTC_USDT,1d,0,0.0,0,0.0,0,0.0,0,,,,0,0.0,0,0.0,0,0.0,0,0.0,0,0.0,0,,,,,,0,0.0,0,0.0,0,0.0,0,0.0,0,0.0,0,0.0,0,,,,,,,0.7777714151364828,0.7892127466967931,0.5637117714852912,0.543470208912134,30.0,15.0,7.5,,,,7.5,6.0,3.75
2020-07,BTC_USDT,2h,0,0.0,0,0.0,0,0.0,0,,,,0,0.0,0,0.0,0,0.0,0,0.0,0,0.0,0,,,,,,0,0.0,0,0.0,0,0.0,0,0.0,0,0.0,0,0.0,0,,,,,,,0.763906578048767,0.7603180048584672,0.14156800708194417,0.1158874197712505,360.0,180.0,90.0,,,,11.999999999999998,90.0,45.0
2020-08,BTC_USD,2h,0,0.0,0,0.0,0,0.0,0,,,,0,0.0,0,0.0,0,0.0,0,0.0,0,0.0,0,,,,,,0,0.0,0,0.0,0,0.0,0,0.0,0,0.0,0,0.0,0,,,,,,,0.8728485509768825,0.909161735398297,0.24185065724760532,0.2260002736371581,360.0,180.0,120.0,,,,360.0,90.0,72.0
2020-08,BTC_USDT,1d,0,0.0,0,0.0,0,0.0,0,,,,0,0.0,0,0.0,0,0.0,0,0.0,0,0.0,0,,,,,,0,0.0,0,0.0,0,0.0,0,0.0,0,0.0,0,0.0,0,,,,,,,0.868241304416916,0.8837754120846354,0.575576765920095,0.5405087293162416,30.0,15.0,10.0,,,,7.5,6.0,7.5
2020-08,BTC_USDT,2h,0,0.0,0,0.0,0,0.0,0,,,,0,0.0,0,0.0,0,0.0,0,0.0,0,0.0,0,,,,,,0,0.0,0,0.0,0,0.0,0,0.0,0,0.0,0,0.0,0,,,,,,,0.8814611813435703,0.9175589247291018,0.21409923819164103,0.1830629853151832,360.0,180.0,120.0,,,,60.0,72.0,72.0
2020-09,BTC_USD,2h,0,0.0,0,0.0,0,0.0,0,,,,0,0.0,0,0.0,0,0.0,0,0.0,0,0.0,0,,,,,,0,0.0,0,0.0,0,0.0,0,0.0,0,0.0,0,0.0,0,,,,,,,0.895362677093555,0.9244838057828684,0.2650626013179566,0.2829537909786641,360.0,180.0,120.0,,,,90.0,360.0,72.0
2020-09,BTC_USDT,1d,0,0.0,0,0.0,0,0.0,0,,,,0,0.0,0,0.0,0,0.0,0,0.0,0,0.0,0,,,,,,0,0.0,0,0.0,0,0.0,0,0.0,0,0.0,0,0.0,0,,,,,,,0.8798363937902903,0.8856528181607551,0.7893150726797706,0.8280013949747046,30.0,15.0,10.0,,,,15.0,15.0,10.0
2020-09,BTC_USDT,2h,0,0.0,0,0.0,0,0.0,0,,,,0,0.0,0,0.0,0,0.0,0,0.0,0,0.0,0,,,,,,0,0.0,0,0.0,0,0.0,0,0.0,0,0.0,0,0.0,0,,,,,,,0.8938585211569627,0.924476631209409,0.24248854714020046,0.26187464985699693,360.0,180.0,120.0,,,,11.999999999999998,90.0,270.0
2020-10,BTC_USD,2h,0,0.0,0,0.0,0,0.0,0,,,,0,0.0,0,0.0,0,0.0,0,0.0,0,0.0,0,,,,,,0,0.0,0,0.0,0,0.0,0,0.0,0,0.0,0,0.0,0,,,,,,,0.8826417278030331,0.8839443690438128,0.1569464727178622,0.1422798404522723,360.0,180.0,120.0,,,,11.999999999999998,90.0,72.0
2020-10,BTC_USDT,1d,0,0.0,0,0.0,0,0.0,0,,,,0,0.0,0,0.0,0,0.0,0,0.0,0,0.0,0,,,,,,0,0.0,0,0.0,0,0.0,0,0.0,0,0.0,0,0.0,0,,,,,,,0.8756792067718726,0.9096242453313298,0.5409933125424983,0.5161136890359977,30.0,15.0,10.0,,,,7.5,3.75,3.333333333333333
2020-10,BTC_USDT,2h,0,0.0,0,0.0,0,0.0,0,,,,0,0.0,0,0.0,0,0.0,0,0.0,0,0.0,0,,,,,,0,0.0,0,0.0,0,0.0,0,0.0,0,0.0,0,0.0,0,,,,,,,0.8817859321468577,0.8786271606949079,0.14213166233533783,0.1264328702291297,360.0,180.0,120.0,,,,11.999999999999998,45.0,72.0
2020-11,BTC_USD,2h,0,0.0,0,0.0,0,0.0,0,,,,0,0.0,0,0.0,0,0.0,0,0.0,0,0.0,0,,,,,,0,0.0,0,0.0,0,0.0,0,0.0,0,0.0,0,0.0,0,,,,,,,0.9324718644416803,0.9330174656499621,0.23151765879990802,0.22010533044898195,360.0,180.0,105.0,,,,90.0,72.0,21.176470588235293
2020-11,BTC_USDT,1d,0,0.0,0,0.0,0,0.0,0,,,,0,0.0,0,0.0,0,0.0,0,0.0,0,0.0,0,,,,,,0,0.0,0,0.0,0,0.0,0,0.0,0,0.0,0,0.0,0,,,,,,,0.9238218001061553,0.9114870266287542,0.7543453878240073,0.7744275181955023,30.0,15.0,8.75,,,,7.5,8.75,10.0
2020-11,BTC_USDT,2h,0,0.0,0,0.0,0,0.0,0,,,,0,0.0,0,0.0,0,0.0,0,0.0,0,0.0,0,,,,,,0,0.0,0,0.0,0,0.0,0,0.0,0,0.0,0,0.0,0,,,,,,,0.9332852351475734,0.9333544888134548,0.2521667352833113,0.252893001273673,360.0,180.0,120.0,,,,90.0,72.0,90.0
2020-12,BTC_USD,2h,0,0.0,0,0.0,0,0.0,0,,,,0,0.0,0,0.0,0,0.0,0,0.0,0,0.0,0,,,,,,0,0.0,0,0.0,0,0.0,0,0.0,0,0.0,0,0.0,0,,,,,,,0.8896284413794968,0.9126582259252928,0.3028170596689938,0.257454012755635,360.0,180.0,120.0,,,,90.0,90.0,72.0
2020-12,BTC_USDT,1d,0,0.0,0,0.0,0,0.0,0,,,,0,0.0,0,0.0,0,0.0,0,0.0,0,0.0,0,,,,,,0,0.0,0,0.0,0,0.0,0,0.0,0,0.0,0,0.0,0,,,,,,,0.8769440067464284,0.9000307919203784,0.6292122200503343,0.6109178063251537,30.0,15.0,10.0,,,,30.0,7.5,10.0
2020-12,BTC_USDT,2h,0,0.0,0,0.0,0,0.0,0,,,,0,0.0,0,0.0,0,0.0,0,0.0,0,0.0,0,,,,,,0,0.0,0,0.0,0,0.0,0,0.0,0,0.0,0,0.0,0,,,,,,,0.8895789051638613,0.914590169237537,0.2603175702255746,0.2178751996588404,360.0,180.0,120.0,,,,90.0,90.0,72.0
2021-01,BTC_USD,2h,0,0.0,0,0.0,0,0.0,0,,,,0,0.0,0,0.0,0,0.0,0,0.0,0,0.0,0,,,,,,0,0.0,0,0.0,0,0.0,0,0.0,0,0.0,0,0.0,0,,,,,,,0.9232687775476855,0.9476387285156226,0.2288028801698484,0.2179549797270595,360.0,180.0,90.0,,,,360.0,51.42857142857143,51.42857142857143
2021-01,BTC_USDT,1d,0,0.0,0,0.0,0,0.0,0,,,,0,0.0,0,0.0,0,0.0,0,0.0,0,0.0,0,,,,,,0,0.0,0,0.0,0,0.0,0,0.0,0,0.0,0,0.0,0,,,,,,,0.9510283041053668,0.972370848601606,0.4483560979198256,0.4834849328185724,30.0,15.0,10.0,,,,30.0,3.75,6.0
2021-01,BTC_USDT,2h,0,0.0,0,0.0,0,0.0,0,,,,0,0.0,0,0.0,0,0.0,0,0.0,0,0.0,0,,,,,,0,0.0,0,0.0,0,0.0,0,0.0,0,0.0,0,0.0,0,,,,,,,0.9292645425386368,0.9478312925108606,0.1768598115297759,0.1887280090400592,360.0,180.0,90.0,,,,51.42857142857143,60.0,51.42857142857143
2021-02,BTC_USD,2h,0,0.0,0,0.0,0,0.0,0,,,,0,0.0,0,0.0,0,0.0,0,0.0,0,0.0,0,,,,,,0,0.0,0,0.0,0,0.0,0,0.0,0,0.0,0,0.0,0,,,,,,,0.8839480073012801,0.9273721138524895,0.26441242437696666,0.320207460536336,360.0,180.0,60.0,,,,81.0,90.0,120.0
2021-02,BTC_USDT,1d,0,0.0,0,0.0,0,0.0,0,,,,0,0.0,0,0.0,0,0.0,0,0.0,0,0.0,0,,,,,,0,0.0,0,0.0,0,0.0,0,0.0,0,0.0,0,0.0,0,,,,,,,0.9039796727167447,0.9307675841924241,0.49090476524829324,0.46768078213715414,30.0,15.0,5.0,,,,10.0,3.75,5.0
2021-02,BTC_USDT,2h,0,0.0,0,0.0,0,0.0,0,,,,0,0.0,0,0.0,0,0.0,0,0.0,0,0.0,0,,,,,,0,0.0,0,0.0,0,0.0,0,0.0,0,0.0,0,0.0,0,,,,,,,0.8794694852470201,0.9268745789599294,0.17506549764835608,0.18086041831416672,360.0,180.0,60.0,,,,90.0,45.0,40.0
2021-03,BTC_USD,2h,0,0.0,0,0.0,0,0.0,0,,,,0,0.0,0,0.0,0,0.0,0,0.0,0,0.0,0,,,,,,0,0.0,0,0.0,0,0.0,0,0.0,0,0.0,0,0.0,0,,,,,,,0.8967116889502738,0.913927562102407,0.19859436935121938,0.1795740172735491,360.0,180.0,120.0,,,,90.0,90.0,40.0
2021-03,BTC_USDT,1d,0,0.0,0,0.0,0,0.0,0,,,,0,0.0,0,0.0,0,0.0,0,0.0,0,0.0,0,,,,,,0,0.0,0,0.0,0,0.0,0,0.0,0,0.0,0,0.0,0,,,,,,,0.9377633596244762,0.9403366940001172,0.5526172845031733,0.5406804114622097,30.0,15.0,10.0,,,,15.0,7.5,3.333333333333333
2021-03,BTC_USDT,2h,0,0.0,0,0.0,0,0.0,0,,,,0,0.0,0,0.0,0,0.0,0,0.0,0,0.0,0,,,,,,0,0.0,0,0.0,0,0.0,0,0.0,0,0.0,0,0.0,0,,,,,,,0.900137006821735,0.9152777022193174,0.14712851563527118,0.160105223151169,360.0,180.0,120.0,,,,180.0,11.999999999999998,40.0
2021-04,BTC_USD,2h,0,0.0,0,0.0,0,0.0,0,,,,0,0.0,0,0.0,0,0.0,0,0.0,0,0.0,0,,,,,,0,0.0,0,0.0,0,0.0,0,0.0,0,0.0,0,0.0,0,,,,,,,0.8429816591822379,0.8561138264074364,0.25222810721089095,0.23255471023063612,360.0,180.0,120.0,,,,360.0,90.0,18.94736842105263
2021-04,BTC_USDT,1d,0,0.0,0,0.0,0,0.0,0,,,,0,0.0,0,0.0,0,0.0,0,0.0,0,0.0,0,,,,,,0,0.0,0,0.0,0,0.0,0,0.0,0,0.0,0,0.0,0,,,,,,,0.8737859838801403,0.8916736325366335,0.6111842308891656,0.6616216152377995,30.0,15.0,10.0,,,,22.5,6.75,6.0
2021-04,BTC_USDT,2h,0,0.0,0,0.0,0,0.0,0,,,,0,0.0,0,0.0,0,0.0,0,0.0,0,0.0,0,,,,,,0,0.0,0,0.0,0,0.0,0,0.0,0,0.0,0,0.0,0,,,,,,,0.842224683436219,0.8510047638422054,0.178186514453902,0.18022238058189133,360.0,180.0,120.0,,,,150.0,13.2,18.94736842105263
2021-05,BTC_USD,2h,0,0.0,0,0.0,0,0.0,0,,,,0,0.0,0,0.0,0,0.0,0,0.0,0,0.0,0,,,,,,0,0.0,0,0.0,0,0.0,0,0.0,0,0.0,0,0.0,0,,,,,,,0.9149549031069911,0.9205753582128476,0.2798537793757935,0.2996687035604484,360.0,180.0,120.0,,,,360.0,90.0,51.42857142857143
2021-05,BTC_USDT,1d,0,0.0,0,0.0,0,0.0,0,,,,0,0.0,0,0.0,0,0.0,0,0.0,0,0.0,0,,,,,,0,0.0,0,0.0,0,0.0,0,0.0,0,0.0,0,0.0,0,,,,,,,0.917155016902773,0.948737795209876,0.607366878363966,0.6308303620100578,30.0,15.0,10.0,,,,30.0,15.0,4.285714285714286
2021-05,BTC_USDT,2h,0,0.0,0,0.0,0,0.0,0,,,,0,0.0,0,0.0,0,0.0,0,0.0,0,0.0,0,,,,,,0,0.0,0,0.0,0,0.0,0,0.0,0,0.0,0,0.0,0,,,,,,,0.9139474725999537,0.9184185572018372,0.29087417978276475,0.3154009195585089,360.0,180.0,120.0,,,,360.0,51.42857142857143,45.0
2021-06,BTC_USD,2h,0,0.0,0,0.0,0,0.0,0,,,,0,0.0,0,0.0,0,0.0,0,0.0,0,0.0,0,,,,,,0,0.0,0,0.0,0,0.0,0,0.0,0,0.0,0,0.0,0,,,,,,,0.7920768779031566,0.8006655570217516,0.32183499318910425,0.331788963712933,180.0,150.0,120.0,,,,270.0,72.0,105.0
2021-06,BTC_USDT,1d,0,0.0,0,0.0,0,0.0,0,,,,0,0.0,0,0.0,0,0.0,0,0.0,0,0.0,0,,,,,,0,0.0,0,0.0,0,0.0,0,0.0,0,0.0,0,0.0,0,,,,,,,0.8212400738612625,0.8193009254727603,0.6920869002756779,0.6572163597680107,15.0,10.0,10.0,,,,30.0,15.0,5.0
2021-06,BTC_USDT,2h,0,0.0,0,0.0,0,0.0,0,,,,0,0.0,0,0.0,0,0.0,0,0.0,0,0.0,0,,,,,,0,0.0,0,0.0,0,0.0,0,0.0,0,0.0,0,0.0,0,,,,,,,0.7935400711350874,0.8028481910882008,0.2926535315982317,0.29787973696957026,180.0,180.0,120.0,,,,360.0,126.0,60.0
2021-07,BTC_USD,2h,0,0.0,0,0.0,0,0.0,0,,,,0,0.0,0,0.0,0,0.0,0,0.0,0,0.0,0,,,,,,0,0.0,0,0.0,0,0.0,0,0.0,0,0.0,0,0.0,0,,,,,,,0.7748441452410451,0.7847799981015622,0.3330264983384522,0.3163814047444475,360.0,180.0,120.0,,,,360.0,180.0,11.999999999999998
2021-07,BTC_USDT,1d,0,0.0,0,0.0,0,0.0,0,,,,0,0.0,0,0.0,0,0.0,0,0.0,0,0.0,0,,,,,,0,0.0,0,0.0,0,0.0,0,0.0,0,0.0,0,0.0,0,,,,,,,0.7911669106298216,0.8172657964239923,0.8100369580065925,0.8222553605366425,30.0,15.0,10.0,,,,30.0,10.0,7.5
2021-07,BTC_USDT,2h,0,0.0,0,0.0,0,0.0,0,,,,0,0.0,0,0.0,0,0.0,0,0.0,0,0.0,0,,,,,,0,0.0,0,0.0,0,0.0,0,0.0,0,0.0,0,0.0,0,,,,,,,0.7728246955489909,0.7842575249394395,0.31981003965454013,0.3087773076900197,360.0,180.0,120.0,,,,360.0,90.0,72.0
2021-08,BTC_USD,2h,0,0.0,0,0.0,0,0.0,0,,,,0,0.0,0,0.0,0,0.0,0,0.0,0,0.0,0,,,,,,0,0.0,0,0.0,0,0.0,0,0.0,0,0.0,0,0.0,0,,,,,,,0.922711848230265,0.9267099019278766,0.21969130204064954,0.2043968926959979,360.0,180.0,120.0,,,,72.0,90.0,60.0
2021-08,BTC_USDT,1d,0,0.0,0,0.0,0,0.0,0,,,,0,0.0,0,0.0,0,0.0,0,0.0,0,0.0,0,,,,,,0,0.0,0,0.0,0,0.0,0,0.0,0,0.0,0,0.0,0,,,,,,,0.9357805033418817,0.9507973439408982,0.6401515193590883,0.5946511334465814,30.0,15.0,10.0,,,,15.0,10.0,10.0
2021-08,BTC_USDT,2h,0,0.0,0,0.0,0,0.0,0,,,,0,0.0,0,0.0,0,0.0,0,0.0,0,0.0,0,,,,,,0,0.0,0,0.0,0,0.0,0,0.0,0,0.0,0,0.0,0,,,,,,,0.9244352313894563,0.9302911980788872,0.17310885192086684,0.1854772716715391,360.0,180.0,120.0,,,,120.0,180.0,90.0
2021-09,BTC_USD,2h,0,0.0,0,0.0,0,0.0,0,,,,0,0.0,0,0.0,0,0.0,0,0.0,0,0.0,0,,,,,,0,0.0,0,0.0,0,0.0,0,0.0,0,0.0,0,0.0,0,,,,,,,0.7994472500528081,0.7997065164262338,0.17076110455940233,0.1721190162634882,180.0,180.0,120.0,,,,90.0,90.0,81.0
2021-09,BTC_USDT,1d,0,0.0,0,0.0,0,0.0,0,,,,0,0.0,0,0.0,0,0.0,0,0.0,0,0.0,0,,,,,,0,0.0,0,0.0,0,0.0,0,0.0,0,0.0,0,0.0,0,,,,,,,0.7903105505740099,0.7933045438616895,0.6425438827236586,0.6288069385762061,15.0,15.0,30.0,,,,7.5,7.5,15.0
2021-09,BTC_USDT,2h,0,0.0,0,0.0,0,0.0,0,,,,0,0.0,0,0.0,0,0.0,0,0.0,0,0.0,0,,,,,,0,0.0,0,0.0,0,0.0,0,0.0,0,0.0,0,0.0,0,,,,,,,0.7990435347438735,0.7992229155426653,0.14650996799343646,0.14063272774441343,180.0,180.0,120.0,,,,72.0,90.0,11.999999999999998
2021-10,BTC_USD,2h,0,0.0,0,0.0,0,0.0,0,,,,0,0.0,0,0.0,0,0.0,0,0.0,0,0.0,0,,,,,,0,0.0,0,0.0,0,0.0,0,0.0,0,0.0,0,0.0,0,,,,,,,0.9281611811278462,0.9409994397158168,0.14110138061096483,0.1246666562289358,360.0,180.0,90.0,,,,11.999999999999998,90.0,90.0
2021-10,BTC_USDT,1d,0,0.0,0,0.0,0,0.0,0,,,,0,0.0,0,0.0,0,0.0,0,0.0,0,0.0,0,,,,,,0,0.0,0,0.0,0,0.0,0,0.0,0,0.0,0,0.0,0,,,,,,,0.9163868907259676,0.9299424692794124,0.37840903972891765,0.3623730026537258,30.0,15.0,7.5,,,,5.0,4.285714285714286,6.0
2021-10,BTC_USDT,2h,0,0.0,0,0.0,0,0.0,0,,,,0,0.0,0,0.0,0,0.0,0,0.0,0,0.0,0,,,,,,0,0.0,0,0.0,0,0.0,0,0.0,0,0.0,0,0.0,0,,,,,,,0.9278122432264321,0.9408419811118606,0.1150345883206454,0.1093652726543197,360.0,180.0,60.0,,,,60.0,60.0,11.999999999999998
2021-11,BTC_USD,2h,0,0.0,0,0.0,0,0.0,0,,,,0,0.0,0,0.0,0,0.0,0,0.0,0,0.0,0,,,,,,0,0.0,0,0.0,0,0.0,0,0.0,0,0.0,0,0.0,0,,,,,,,0.7735711315613558,0.8293324141233689,0.19390206848730482,0.18126409069814955,360.0,180.0,60.0,,,,90.0,120.0,72.0
2021-11,BTC_USDT,1d,0,0.0,0,0.0,0,0.0,0,,,,0,0.0,0,0.0,0,0.0,0,0.0,0,0.0,0,,,,,,0,0.0,0,0.0,0,0.0,0,0.0,0,0.0,0,0.0,0,,,,,,,0.7726083705717035,0.8166814664937356,0.6536668316059303,0.6625719853241983,30.0,15.0,6.0,,,,6.0,6.0,6.0
2021-11,BTC_USDT,2h,0,0.0,0,0.0,0,0.0,0,,,,0,0.0,0,0.0,0,0.0,0,0.0,0,0.0,0,,,,,,0,0.0,0,0.0,0,0.0,0,0.0,0,0.0,0,0.0,0,,,,,,,0.7734569121971427,0.8318642755924369,0.14153932266556082,0.1428204184483246,360.0,180.0,66.0,,,,72.0,72.0,72.0
2021-12,BTC_USD,1d,0,0.0,0,0.0,0,0.0,0,,,,0,0.0,0,0.0,0,0.0,0,0.0,0,0.0,0,,,,,,0,0.0,0,0.0,0,0.0,0,0.0,0,0.0,0,0.0,0,,,,,,,,,,,,,,,,,,,
2021-12,BTC_USD,2h,0,0.0,0,0.0,0,0.0,0,,,,0,0.0,0,0.0,0,0.0,0,0.0,0,0.0,0,,,,,,0,0.0,0,0.0,0,0.0,0,0.0,0,0.0,0,0.0,0,,,,,,,0.8286745033162223,0.8495025221558307,0.20357539538153827,0.2016807129868001,360.0,180.0,90.0,,,,180.0,120.0,90.0
2021-12,BTC_USDT,1d,0,0.0,0,0.0,0,0.0,0,,,,0,0.0,0,0.0,0,0.0,0,0.0,0,0.0,0,,,,,,0,0.0,0,0.0,0,0.0,0,0.0,0,0.0,0,0.0,0,,,,,,,0.8143361448596605,0.8461828339705063,0.4292169284388027,0.4601514693688943,30.0,15.0,7.5,,,,7.5,10.0,6.0
2021-12,BTC_USDT,2h,0,0.0,0,0.0,0,0.0,0,,,,0,0.0,0,0.0,0,0.0,0,0.0,0,0.0,0,,,,,,0,0.0,0,0.0,0,0.0,0,0.0,0,0.0,0,0.0,0,,,,,,,0.8309713881559666,0.8441058039373384,0.09809423084891498,0.09523785908645,360.0,180.0,90.0,,,,45.0,40.0,72.0
2022-01,BTC_USD,1d,0,0.0,0,0.0,0,0.0,0,,,,0,0.0,0,0.0,0,0.0,0,0.0,0,0.0,0,,,,,,0,0.0,0,0.0,0,0.0,0,0.0,0,0.0,0,0.0,0,,,,,,,0.9372739859399124,0.9472007161266037,0.7676904278212954,0.7708366124120768,30.0,15.0,10.0,,,,7.5,7.5,10.0
2022-01,BTC_USD,2h,0,0.0,0,0.0,0,0.0,0,,,,0,0.0,0,0.0,0,0.0,0,0.0,0,0.0,0,,,,,,0,0.0,0,0.0,0,0.0,0,0.0,0,0.0,0,0.0,0,,,,,,,0.8935071450856519,0.920538438393602,0.233002076602839,0.2390210332038439,360.0,180.0,120.0,,,,90.0,72.0,90.0
2022-01,BTC_USDT,1d,0,0.0,0,0.0,0,0.0,0,,,,0,0.0,0,0.0,0,0.0,0,0.0,0,0.0,0,,,,,,0,0.0,0,0.0,0,0.0,0,0.0,0,0.0,0,0.0,0,,,,,,,0.9246765170409068,0.9448566974638348,0.6528425066963073,0.6802090302229484,30.0,15.0,10.0,,,,7.5,10.0,6.0
2022-01,BTC_USDT,2h,0,0.0,0,0.0,0,0.0,0,,,,0,0.0,0,0.0,0,0.0,0,0.0,0,0.0,0,,,,,,0,0.0,0,0.0,0,0.0,0,0.0,0,0.0,0,0.0,0,,,,,,,0.8916024727207223,0.9178610999477604,0.16426409787415203,0.1627364920392831,360.0,180.0,120.0,,,,90.0,90.0,21.176470588235293
2022-02,BTC_USD,1d,0,0.0,0,0.0,0,0.0,0,,,,0,0.0,0,0.0,0,0.0,0,0.0,0,0.0,0,,,,,,0,0.0,0,0.0,0,0.0,0,0.0,0,0.0,0,0.0,0,,,,,,,0.945965540388036,0.949074773666431,0.545392852521196,0.5704814949120477,30.0,15.0,10.0,,,,15.0,30.0,10.0
2022-02,BTC_USD,2h,0,0.0,0,0.0,0,0.0,0,,,,0,0.0,0,0.0,0,0.0,0,0.0,0,0.0,0,,,,,,0,0.0,0,0.0,0,0.0,0,0.0,0,0.0,0,0.0,0,,,,,,,0.9355894695484622,0.9337730438511114,0.192874059327873,0.176223561590976,360.0,180.0,120.0,,,,40.0,112.5,45.0
2022-02,BTC_USDT,1d,0,0.0,0,0.0,0,0.0,0,,,,0,0.0,0,0.0,0,0.0,0,0.0,0,0.0,0,,,,,,0,0.0,0,0.0,0,0.0,0,0.0,0,0.0,0,0.0,0,,,,,,,0.945993915583986,0.9491709931505163,0.5585674189313931,0.5858109592928659,30.0,15.0,10.0,,,,15.0,30.0,10.0
2022-02,BTC_USDT,2h,0,0.0,0,0.0,0,0.0,0,,,,0,0.0,0,0.0,0,0.0,0,0.0,0,0.0,0,,,,,,0,0.0,0,0.0,0,0.0,0,0.0,0,0.0,0,0.0,0,,,,,,,0.9354375008661225,0.9333967351188612,0.20803991476515768,0.20904551208661354,360.0,180.0,120.0,,,,180.0,270.0,120.0
2022-03,BTC_USD,1d,0,0.0,0,0.0,0,0.0,0,,,,0,0.0,0,0.0,0,0.0,0,0.0,0,0.0,0,,,,,,0,0.0,0,0.0,0,0.0,0,0.0,0,0.0,0,0.0,0,,,,,,,0.8603317318605431,0.8503933594915222,0.4333527644225809,0.4418819868912104,15.0,15.0,10.0,,,,3.75,6.0,3.333333333333333
2022-03,BTC_USD,2h,0,0.0,0,0.0,0,0.0,0,,,,0,0.0,0,0.0,0,0.0,0,0.0,0,0.0,0,,,,,,0,0.0,0,0.0,0,0.0,0,0.0,0,0.0,0,0.0,0,,,,,,,0.8427949429573489,0.8258376433258632,0.14347409596645982,0.1381063356564408,180.0,180.0,120.0,,,,45.0,72.0,60.0
2022-03,BTC_USDT,1d,0,0.0,0,0.0,0,0.0,0,,,,0,0.0,0,0.0,0,0.0,0,0.0,0,0.0,0,,,,,,0,0.0,0,0.0,0,0.0,0,0.0,0,0.0,0,0.0,0,,,,,,,0.8594872644509721,0.8501195812955312,0.49018660070298437,0.5255434126953412,15.0,15.0,10.0,,,,3.75,6.0,6.0
2022-03,BTC_USDT,2h,0,0.0,0,0.0,0,0.0,0,,,,0,0.0,0,0.0,0,0.0,0,0.0,0,0.0,0,,,,,,0,0.0,0,0.0,0,0.0,0,0.0,0,0.0,0,0.0,0,,,,,,,0.8430834124264127,0.827620592259154,0.17576729469031319,0.1737954119950385,180.0,180.0,120.0,,,,45.0,72.0,45.0
2022-04,BTC_USD,1d,0,0.0,0,0.0,0,0.0,0,,,,0,0.0,0,0.0,0,0.0,0,0.0,0,0.0,0,,,,,,0,0.0,0,0.0,0,0.0,0,0.0,0,0.0,0,0.0,0,,,,,,,0.9369929543385184,0.9501815152794333,0.45813260056017097,0.4564906182444439,30.0,15.0,6.0,,,,6.75,6.75,3.333333333333333
2022-04,BTC_USD,2h,0,0.0,0,0.0,0,0.0,0,,,,0,0.0,0,0.0,0,0.0,0,0.0,0,0.0,0,,,,,,0,0.0,0,0.0,0,0.0,0,0.0,0,0.0,0,0.0,0,,,,,,,0.9373377124852866,0.9451874533893359,0.1282035685743148,0.1266746689967815,360.0,180.0,72.0,,,,11.999999999999998,90.0,40.0
2022-04,BTC_USDT,1d,0,0.0,0,0.0,0,0.0,0,,,,0,0.0,0,0.0,0,0.0,0,0.0,0,0.0,0,,,,,,0,0.0,0,0.0,0,0.0,0,0.0,0,0.0,0,0.0,0,,,,,,,0.9364331939070111,0.9500552377908627,0.42543717354804894,0.4490212917027432,30.0,15.0,6.0,,,,6.0,5.0,4.285714285714286
2022-04,BTC_USDT,2h,0,0.0,0,0.0,0,0.0,0,,,,0,0.0,0,0.0,0,0.0,0,0.0,0,0.0,0,,,,,,0,0.0,0,0.0,0,0.0,0,0.0,0,0.0,0,0.0,0,,,,,,,0.9386152556874924,0.9452303522832977,0.12572193059121786,0.11193718133717614,360.0,180.0,72.0,,,,11.999999999999998,72.0,42.5
2022-05,BTC_USD,1d,0,0.0,0,0.0,0,0.0,0,,,,0,0.0,0,0.0,0,0.0,0,0.0,0,0.0,0,,,,,,0,0.0,0,0.0,0,0.0,0,0.0,0,0.0,0,0.0,0,,,,,,,0.8629637294446444,0.917815728764551,0.7380610481258411,0.8402374346828153,30.0,15.0,10.0,,,,15.0,15.0,7.5
2022-05,BTC_USD,2h,0,0.0,0,0.0,0,0.0,0,,,,0,0.0,0,0.0,0,0.0,0,0.0,0,0.0,0,,,,,,0,0.0,0,0.0,0,0.0,0,0.0,0,0.0,0,0.0,0,,,,,,,0.8664027805648714,0.929455596859439,0.3353391701020341,0.4050637182621365,360.0,180.0,120.0,,,,180.0,180.0,90.0
2022-05,BTC_USDT,1d,0,0.0,0,0.0,0,0.0,0,,,,0,0.0,0,0.0,0,0.0,0,0.0,0,0.0,0,,,,,,0,0.0,0,0.0,0,0.0,0,0.0,0,0.0,0,0.0,0,,,,,,,0.8615584150805746,0.9167248324224848,0.7817604493771289,0.8273886780270964,30.0,15.0,10.0,,,,15.0,15.0,7.5
2022-05,BTC_USDT,2h,0,0.0,0,0.0,0,0.0,0,,,,0,0.0,0,0.0,0,0.0,0,0.0,0,0.0,0,,,,,,0,0.0,0,0.0,0,0.0,0,0.0,0,0.0,0,0.0,0,,,,,,,0.8660816101495311,0.9308558789735796,0.3238640280105494,0.3236211488524525,360.0,180.0,120.0,,,,180.0,180.0,90.0
2022-06,BTC_USD,1d,0,0.0,0,0.0,0,0.0,0,,,,0,0.0,0,0.0,0,0.0,0,0.0,0,0.0,0,,,,,,0,0.0,0,0.0,0,0.0,0,0.0,0,0.0,0,0.0,0,,,,,,,0.8581621320913234,0.9190333177508869,0.7640748772336797,0.8039932881540708,30.0,15.0,10.0,,,,30.0,11.25,7.5
2022-06,BTC_USD,2h,0,0.0,0,0.0,0,0.0,0,,,,0,0.0,0,0.0,0,0.0,0,0.0,0,0.0,0,,,,,,0,0.0,0,0.0,0,0.0,0,0.0,0,0.0,0,0.0,0,,,,,,,0.8707805577554861,0.9183294015421156,0.42559464295910954,0.45777080379660795,360.0,180.0,120.0,,,,360.0,180.0,90.0
2022-06,BTC_USDT,1d,0,0.0,0,0.0,0,0.0,0,,,,0,0.0,0,0.0,0,0.0,0,0.0,0,0.0,0,,,,,,0,0.0,0,0.0,0,0.0,0,0.0,0,0.0,0,0.0,0,,,,,,,0.8586663528189841,0.918724510915777,0.7106607079046289,0.7561171209857982,30.0,15.0,10.0,,,,30.0,7.5,6.0
2022-06,BTC_USDT,2h,0,0.0,0,0.0,0,0.0,0,,,,0,0.0,0,0.0,0,0.0,0,0.0,0,0.0,0,,,,,,0,0.0,0,0.0,0,0.0,0,0.0,0,0.0,0,0.0,0,,,,,,,0.8708921446955523,0.9191642943880787,0.32703244521647695,0.3721844033265973,360.0,120.0,120.0,,,,360.0,90.0,90.0
2022-07,BTC_USD,1d,0,0.0,0,0.0,0,0.0,0,,,,0,0.0,0,0.0,0,0.0,0,0.0,0,0.0,0,,,,,,0,0.0,0,0.0,0,0.0,0,0.0,0,0.0,0,0.0,0,,,,,,,0.9197598547917585,0.9211943110302552,0.6934029855120512,0.7106479012067515,15.0,15.0,15.0,,,,7.5,10.0,7.5
2022-07,BTC_USD,2h,0,0.0,0,0.0,0,0.0,0,,,,0,0.0,0,0.0,0,0.0,0,0.0,0,0.0,0,,,,,,0,0.0,0,0.0,0,0.0,0,0.0,0,0.0,0,0.0,0,,,,,,,0.9099000465782994,0.905849899330818,0.22243429535442816,0.2062985020261645,180.0,180.0,180.0,,,,90.0,90.0,72.0
2022-07,BTC_USDT,1d,0,0.0,0,0.0,0,0.0,0,,,,0,0.0,0,0.0,0,0.0,0,0.0,0,0.0,0,,,,,,0,0.0,0,0.0,0,0.0,0,0.0,0,0.0,0,0.0,0,,,,,,,0.9198691201244514,0.9214084933335808,0.6415153989192988,0.6453504282529579,15.0,15.0,15.0,,,,30.0,15.0,7.5
2022-07,BTC_USDT,2h,0,0.0,0,0.0,0,0.0,0,,,,0,0.0,0,0.0,0,0.0,0,0.0,0,0.0,0,,,,,,0,0.0,0,0.0,0,0.0,0,0.0,0,0.0,0,0.0,0,,,,,,,0.9103478136729952,0.906096861730894,0.24206586874118918,0.1769948988362889,180.0,180.0,180.0,,,,360.0,180.0,72.0
2022-08,BTC_USD,1d,0,0.0,0,0.0,0,0.0,0,,,,0,0.0,0,0.0,0,0.0,0,0.0,0,0.0,0,,,,,,0,0.0,0,0.0,0,0.0,0,0.0,0,0.0,0,0.0,0,,,,,,,0.8607446988593143,0.8428624029910806,0.6473771056091994,0.8080829389191206,15.0,15.0,10.0,,,,7.5,7.5,7.5
2022-08,BTC_USD,2h,0,0.0,0,0.0,0,0.0,0,,,,0,0.0,0,0.0,0,0.0,0,0.0,0,0.0,0,,,,,,0,0.0,0,0.0,0,0.0,0,0.0,0,0.0,0,0.0,0,,,,,,,0.8364900912385648,0.8164637161063231,0.1497720841505181,0.1443680828264514,360.0,180.0,120.0,,,,90.0,90.0,27.69230769230769
2022-08,BTC_USDT,1d,0,0.0,0,0.0,0,0.0,0,,,,0,0.0,0,0.0,0,0.0,0,0.0,0,0.0,0,,,,,,0,0.0,0,0.0,0,0.0,0,0.0,0,0.0,0,0.0,0,,,,,,,0.8618368781435466,0.8435375827693046,0.6916626772269633,0.7551205778146941,15.0,15.0,10.0,,,,7.5,10.0,6.0
2022-08,BTC_USDT,2h,0,0.0,0,0.0,0,0.0,0,,,,0,0.0,0,0.0,0,0.0,0,0.0,0,0.0,0,,,,,,0,0.0,0,0.0,0,0.0,0,0.0,0,0.0,0,0.0,0,,,,,,,0.8352162817778924,0.8162074672825992,0.20059955645986044,0.2241498789671064,360.0,180.0,120.0,,,,11.999999999999998,90.0,90.0
2022-09,BTC_USD,1d,0,0.0,0,0.0,0,0.0,0,,,,0,0.0,0,0.0,0,0.0,0,0.0,0,0.0,0,,,,,,0,0.0,0,0.0,0,0.0,0,0.0,0,0.0,0,0.0,0,,,,,,,0.9119514088232439,0.9117478621455497,0.41462994039277656,0.4423833769338019,30.0,12.5,10.0,,,,6.0,6.0,3.75
2022-09,BTC_USD,2h,0,0.0,0,0.0,0,0.0,0,,,,0,0.0,0,0.0,0,0.0,0,0.0,0,0.0,0,,,,,,0,0.0,0,0.0,0,0.0,0,0.0,0,0.0,0,0.0,0,,,,,,,0.9140426314303186,0.9185560269544448,0.10822988153244874,0.10259075239865015,360.0,120.0,120.0,,,,11.999999999999998,72.0,72.0
2022-09,BTC_USDT,1d,0,0.0,0,0.0,0,0.0,0,,,,0,0.0,0,0.0,0,0.0,0,0.0,0,0.0,0,,,,,,0,0.0,0,0.0,0,0.0,0,0.0,0,0.0,0,0.0,0,,,,,,,0.9116392091024463,0.9116194885401967,0.4955413942050172,0.6220533290629464,30.0,12.5,10.0,,,,7.5,7.5,3.333333333333333
2022-09,BTC_USDT,2h,0,0.0,0,0.0,0,0.0,0,,,,0,0.0,0,0.0,0,0.0,0,0.0,0,0.0,0,,,,,,0,0.0,0,0.0,0,0.0,0,0.0,0,0.0,0,0.0,0,,,,,,,0.9145381662560749,0.9237875008702734,0.1792647947684819,0.19331686815376514,360.0,120.0,120.0,,,,45.0,45.0,40.0
2022-10,BTC_USD,1d,0,0.0,0,0.0,0,0.0,0,,,,0,0.0,0,0.0,0,0.0,0,0.0,0,0.0,0,,,,,,0,0.0,0,0.0,0,0.0,0,0.0,0,0.0,0,0.0,0,,,,,,,0.8591683424807719,0.8654235822039814,0.6780788386893738,0.6815909492106499,30.0,15.0,7.5,,,,7.5,6.0,3.75
2022-10,BTC_USD,2h,0,0.0,0,0.0,0,0.0,0,,,,0,0.0,0,0.0,0,0.0,0,0.0,0,0.0,0,,,,,,0,0.0,0,0.0,0,0.0,0,0.0,0,0.0,0,0.0,0,,,,,,,0.7570628482391354,0.7960525074099757,0.18733225920533686,0.1866792220860323,360.0,180.0,120.0,,,,90.0,72.0,72.0
2022-10,BTC_USDT,1d,0,0.0,0,0.0,0,0.0,0,,,,0,0.0,0,0.0,0,0.0,0,0.0,0,0.0,0,,,,,,0,0.0,0,0.0,0,0.0,0,0.0,0,0.0,0,0.0,0,,,,,,,0.8605380055362554,0.8686540167433857,0.7298893663190434,0.7370736846464232,30.0,15.0,7.5,,,,7.5,10.0,6.0
2022-10,BTC_USDT,2h,0,0.0,0,0.0,0,0.0,0,,,,0,0.0,0,0.0,0,0.0,0,0.0,0,0.0,0,,,,,,0,0.0,0,0.0,0,0.0,0,0.0,0,0.0,0,0.0,0,,,,,,,0.7553946808192128,0.7976259232356973,0.32319172765683585,0.3169969310707266,360.0,180.0,120.0,,,,90.0,90.0,72.0
2022-11,BTC_USD,1d,0,0.0,0,0.0,0,0.0,0,,,,0,0.0,0,0.0,0,0.0,0,0.0,0,0.0,0,,,,,,0,0.0,0,0.0,0,0.0,0,0.0,0,0.0,0,0.0,0,,,,,,,0.9265845205200793,0.9164627630742828,0.6734790330884145,0.6830555902530173,30.0,15.0,10.0,,,,7.5,15.0,6.0
2022-11,BTC_USD,2h,0,0.0,0,0.0,0,0.0,0,,,,0,0.0,0,0.0,0,0.0,0,0.0,0,0.0,0,,,,,,0,0.0,0,0.0,0,0.0,0,0.0,0,0.0,0,0.0,0,,,,,,,0.938039785498354,0.9464823549238399,0.2493835973485898,0.2801665238641792,360.0,180.0,120.0,,,,72.0,135.0,90.0
2022-11,BTC_USDT,1d,0,0.0,0,0.0,0,0.0,0,,,,0,0.0,0,0.0,0,0.0,0,0.0,0,0.0,0,,,,,,0,0.0,0,0.0,0,0.0,0,0.0,0,0.0,0,0.0,0,,,,,,,0.9259337965595003,0.9158352398021969,0.7796871626122328,0.8129736125936633,30.0,15.0,10.0,,,,7.5,22.5,6.0
2022-11,BTC_USDT,2h,0,0.0,0,0.0,0,0.0,0,,,,0,0.0,0,0.0,0,0.0,0,0.0,0,0.0,0,,,,,,0,0.0,0,0.0,0,0.0,0,0.0,0,0.0,0,0.0,0,,,,,,,0.9366266928255377,0.9450151925006448,0.3233801442470593,0.2556661002028011,360.0,180.0,120.0,,,,42.0,90.0,90.0
2022-12,BTC_USD,1d,0,0.0,0,0.0,0,0.0,0,,,,0,0.0,0,0.0,0,0.0,0,0.0,0,0.0,0,,,,,,0,0.0,0,0.0,0,0.0,0,0.0,0,0.0,0,0.0,0,,,,,,,0.8470305762987177,0.8342776855975589,0.7026630482952916,0.6968968779529475,30.0,10.0,7.5,,,,7.5,10.0,10.0
2022-12,BTC_USD,2h,0,0.0,0,0.0,0,0.0,0,,,,0,0.0,0,0.0,0,0.0,0,0.0,0,0.0,0,,,,,,0,0.0,0,0.0,0,0.0,0,0.0,0,0.0,0,0.0,0,,,,,,,0.8213387718491182,0.805019272794577,0.2319421945708075,0.2126985829813465,360.0,120.0,90.0,,,,90.0,120.0,90.0
2022-12,BTC_USDT,1d,0,0.0,0,0.0,0,0.0,0,,,,0,0.0,0,0.0,0,0.0,0,0.0,0,0.0,0,,,,,,0,0.0,0,0.0,0,0.0,0,0.0,0,0.0,0,0.0,0,,,,,,,0.8481073217661582,0.8355275766963064,0.7380532587780404,0.7196296225790478,30.0,10.0,7.5,,,,7.5,6.0,6.0
2022-12,BTC_USDT,2h,0,0.0,0,0.0,0,0.0,0,,,,0,0.0,0,0.0,0,0.0,0,0.0,0,0.0,0,,,,,,0,0.0,0,0.0,0,0.0,0,0.0,0,0.0,0,0.0,0,,,,,,,0.8195815205502077,0.8010737702155327,0.24586581310138875,0.156743355301221,360.0,120.0,90.0,,,,90.0,11.999999999999998,72.0
2023-01,BTC_USD,1d,0,0.0,0,0.0,0,0.0,0,,,,0,0.0,0,0.0,0,0.0,0,0.0,0,0.0,0,,,,,,0,0.0,0,0.0,0,0.0,0,0.0,0,0.0,0,0.0,0,,,,,,,0.93536505251893,0.985359053296186,0.6549020812314299,0.6356563537961134,30.0,15.0,10.0,,,,30.0,15.0,6.0
2023-01,BTC_USD,2h,0,0.0,0,0.0,0,0.0,0,,,,0,0.0,0,0.0,0,0.0,0,0.0,0,0.0,0,,,,,,0,0.0,0,0.0,0,0.0,0,0.0,0,0.0,0,0.0,0,,,,,,,0.9470844025365216,0.97784186711707,0.2158738005259284,0.2045627538824773,360.0,180.0,120.0,,,,360.0,90.0,72.0
2023-01,BTC_USDT,1d,0,0.0,0,0.0,0,0.0,0,,,,0,0.0,0,0.0,0,0.0,0,0.0,0,0.0,0,,,,,,0,0.0,0,0.0,0,0.0,0,0.0,0,0.0,0,0.0,0,,,,,,,0.9359239415788116,0.9852185766351514,0.7508997709413664,0.7223972219305619,30.0,15.0,10.0,,,,30.0,15.0,6.0
2023-01,BTC_USDT,2h,0,0.0,0,0.0,0,0.0,0,,,,0,0.0,0,0.0,0,0.0,0,0.0,0,0.0,0,,,,,,0,0.0,0,0.0,0,0.0,0,0.0,0,0.0,0,0.0,0,,,,,,,0.9459476366875283,0.9768428571769984,0.31716114755705127,0.3056433626092416,360.0,180.0,120.0,,,,360.0,90.0,11.999999999999998
2023-02,BTC_USD,1d,0,0.0,0,0.0,0,0.0,0,,,,0,0.0,0,0.0,0,0.0,0,0.0,0,0.0,0,,,,,,0,0.0,0,0.0,0,0.0,0,0.0,0,0.0,0,0.0,0,,,,,,,0.9006153065159268,0.9020382435608514,0.5347767763744553,0.5195483019596374,30.0,15.0,7.5,,,,7.5,6.0,3.75
2023-02,BTC_USD,2h,0,0.0,0,0.0,0,0.0,0,,,,0,0.0,0,0.0,0,0.0,0,0.0,0,0.0,0,,,,,,0,0.0,0,0.0,0,0.0,0,0.0,0,0.0,0,0.0,0,,,,,,,0.9022463733633451,0.9076361573887186,0.08481901735440388,0.08217423081390175,360.0,180.0,120.0,,,,11.999999999999998,72.0,14.4
2023-02,BTC_USDT,1d,0,0.0,0,0.0,0,0.0,0,,,,0,0.0,0,0.0,0,0.0,0,0.0,0,0.0,0,,,,,,0,0.0,0,0.0,0,0.0,0,0.0,0,0.0,0,0.0,0,,,,,,,0.900301005884984,0.9019390258698234,0.5256307883216953,0.5134664695052343,30.0,15.0,7.5,,,,7.5,4.285714285714286,4.285714285714286
2023-02,BTC_USDT,2h,0,0.0,0,0.0,0,0.0,0,,,,0,0.0,0,0.0,0,0.0,0,0.0,0,0.0,0,,,,,,0,0.0,0,0.0,0,0.0,0,0.0,0,0.0,0,0.0,0,,,,,,,0.9032008755048047,0.9075229531917116,0.12574642886470808,0.11792760209278405,360.0,180.0,120.0,,,,11.999999999999998,90.0,61.714285714285715
2023-03,BTC_USD,1d,0,0.0,0,0.0,0,0.0,0,,,,0,0.0,0,0.0,0,0.0,0,0.0,0,0.0,0,,,,,,0,0.0,0,0.0,0,0.0,0,0.0,0,0.0,0,0.0,0,,,,,,,0.944898869696684,0.954790096514796,0.654265632051008,0.7137084423091264,30.0,15.0,10.0,,,,30.0,15.0,3.75
2023-03,BTC_USD,2h,0,0.0,0,0.0,0,0.0,0,,,,0,0.0,0,0.0,0,0.0,0,0.0,0,0.0,0,,,,,,0,0.0,0,0.0,0,0.0,0,0.0,0,0.0,0,0.0,0,,,,,,,0.9401164674696834,0.951273217922353,0.20403333118341077,0.2019999227210466,360.0,180.0,120.0,,,,360.0,90.0,13.333333333333334
2023-03,BTC_USDT,1d,0,0.0,0,0.0,0,0.0,0,,,,0,0.0,0,0.0,0,0.0,0,0.0,0,0.0,0,,,,,,0,0.0,0,0.0,0,0.0,0,0.0,0,0.0,0,0.0,0,,,,,,,0.9448410496031319,0.9544191058376076,0.8059229577101118,0.8272702180625022,30.0,15.0,10.0,,,,30.0,15.0,6.0
2023-03,BTC_USDT,2h,0,0.0,0,0.0,0,0.0,0,,,,0,0.0,0,0.0,0,0.0,0,0.0,0,0.0,0,,,,,,0,0.0,0,0.0,0,0.0,0,0.0,0,0.0,0,0.0,0,,,,,,,0.9393303970053221,0.949713753804255,0.3301588463233021,0.3646609885971673,360.0,180.0,120.0,,,,360.0,180.0,72.0
2023-04,BTC_USD,1d,0,0.0,0,0.0,0,0.0,0,,,,0,0.0,0,0.0,0,0.0,0,0.0,0,0.0,0,,,,,,0,0.0,0,0.0,0,0.0,0,0.0,0,0.0,0,0.0,0,,,,,,,0.8773929892843558,0.9286240544148479,0.6905156917259403,0.6896249001405647,30.0,15.0,10.0,,,,30.0,7.5,8.75
2023-04,BTC_USD,2h,0,0.0,0,0.0,0,0.0,0,,,,0,0.0,0,0.0,0,0.0,0,0.0,0,0.0,0,,,,,,0,0.0,0,0.0,0,0.0,0,0.0,0,0.0,0,0.0,0,,,,,,,0.8615507131132304,0.9266241359774954,0.18383594503580408,0.17205450775882675,360.0,180.0,120.0,,,,72.0,360.0,90.0
2023-04,BTC_USDT,1d,0,0.0,0,0.0,0,0.0,0,,,,0,0.0,0,0.0,0,0.0,0,0.0,0,0.0,0,,,,,,0,0.0,0,0.0,0,0.0,0,0.0,0,0.0,0,0.0,0,,,,,,,0.8778708333235226,0.9287572952875682,0.8623381578601147,0.8995819136729546,30.0,15.0,10.0,,,,30.0,10.0,8.75
2023-04,BTC_USDT,2h,0,0.0,0,0.0,0,0.0,0,,,,0,0.0,0,0.0,0,0.0,0,0.0,0,0.0,0,,,,,,0,0.0,0,0.0,0,0.0,0,0.0,0,0.0,0,0.0,0,,,,,,,0.8617902104132252,0.9272301354983166,0.5128106818631218,0.5476369482941567,360.0,180.0,120.0,,,,360.0,120.0,72.0
2023-05,BTC_USD,1d,0,0.0,0,0.0,0,0.0,0,,,,0,0.0,0,0.0,0,0.0,0,0.0,0,0.0,0,,,,,,0,0.0,0,0.0,0,0.0,0,0.0,0,0.0,0,0.0,0,,,,,,,0.912433602092503,0.9166199847988596,0.5271400231478282,0.5587305307687986,30.0,15.0,10.0,,,,6.0,7.5,2.3076923076923075
2023-05,BTC_USD,2h,0,0.0,0,0.0,0,0.0,0,,,,0,0.0,0,0.0,0,0.0,0,0.0,0,0.0,0,,,,,,0,0.0,0,0.0,0,0.0,0,0.0,0,0.0,0,0.0,0,,,,,,,0.8852471472427923,0.895602618964606,0.11685096708731355,0.1155783938367122,360.0,180.0,120.0,,,,11.999999999999998,90.0,72.0
2023-05,BTC_USDT,1d,0,0.0,0,0.0,0,0.0,0,,,,0,0.0,0,0.0,0,0.0,0,0.0,0,0.0,0,,,,,,0,0.0,0,0.0,0,0.0,0,0.0,0,0.0,0,0.0,0,,,,,,,0.911051815351965,0.9152249775573156,0.573247934850453,0.6148432802166182,30.0,15.0,10.0,,,,7.5,7.5,5.0
2023-05,BTC_USDT,2h,0,0.0,0,0.0,0,0.0,0,,,,0,0.0,0,0.0,0,0.0,0,0.0,0,0.0,0,,,,,,0,0.0,0,0.0,0,0.0,0,0.0,0,0.0,0,0.0,0,,,,,,,0.8850583915109931,0.896071065300522,0.1719292462480901,0.1791736948903715,360.0,180.0,120.0,,,,11.999999999999998,90.0,27.69230769230769
2023-06,BTC_USD,1d,0,0.0,0,0.0,0,0.0,0,,,,0,0.0,0,0.0,0,0.0,0,0.0,0,0.0,0,,,,,,0,0.0,0,0.0,0,0.0,0,0.0,0,0.0,0,0.0,0,,,,,,,0.7952904696296403,0.7692502217013966,0.6013093727169868,0.5804930946877569,30.0,15.0,8.0,,,,6.0,6.0,7.5
2023-06,BTC_USD,2h,0,0.0,0,0.0,0,0.0,0,,,,0,0.0,0,0.0,0,0.0,0,0.0,0,0.0,0,,,,,,0,0.0,0,0.0,0,0.0,0,0.0,0,0.0,0,0.0,0,,,,,,,0.7970317040324649,0.7787906410256082,0.1280158706207491,0.1292659869308177,360.0,180.0,72.0,,,,11.999999999999998,72.0,72.0
2023-06,BTC_USDT,1d,0,0.0,0,0.0,0,0.0,0,,,,0,0.0,0,0.0,0,0.0,0,0.0,0,0.0,0,,,,,,0,0.0,0,0.0,0,0.0,0,0.0,0,0.0,0,0.0,0,,,,,,,0.7935198197842396,0.767391250515022,0.5296375616672945,0.5126696117927736,30.0,15.0,8.0,,,,6.0,7.5,7.5
2023-06,BTC_USDT,2h,0,0.0,0,0.0,0,0.0,0,,,,0,0.0,0,0.0,0,0.0,0,0.0,0,0.0,0,,,,,,0,0.0,0,0.0,0,0.0,0,0.0,0,0.0,0,0.0,0,,,,,,,0.794941929559498,0.7769846401210723,0.13970212343689578,0.1393738454624417,360.0,180.0,72.0,,,,66.0,51.42857142857143,81.0
2023-07,BTC_USD,1d,0,0.0,0,0.0,0,0.0,0,,,,0,0.0,0,0.0,0,0.0,0,0.0,0,0.0,0,,,,,,0,0.0,0,0.0,0,0.0,0,0.0,0,0.0,0,0.0,0,,,,,,,0.8037387826716373,0.908227396126776,0.5363464181883262,0.4601582688614831,30.0,15.0,10.0,,,,6.0,6.0,7.5
2023-07,BTC_USD,2h,0,0.0,0,0.0,0,0.0,0,,,,0,0.0,0,0.0,0,0.0,0,0.0,0,0.0,0,,,,,,0,0.0,0,0.0,0,0.0,0,0.0,0,0.0,0,0.0,0,,,,,,,0.828982586782438,0.930491939338828,0.12862242150260592,0.1049268146063588,360.0,180.0,120.0,,,,11.999999999999998,72.0,72.0
2023-07,BTC_USDT,1d,0,0.0,0,0.0,0,0.0,0,,,,0,0.0,0,0.0,0,0.0,0,0.0,0,0.0,0,,,,,,0,0.0,0,0.0,0,0.0,0,0.0,0,0.0,0,0.0,0,,,,,,,0.8036537159174757,0.9082971325222629,0.5036500381716051,0.5268244467870568,30.0,15.0,10.0,,,,7.5,6.0,6.0
2023-07,BTC_USDT,2h,0,0.0,0,0.0,0,0.0,0,,,,0,0.0,0,0.0,0,0.0,0,0.0,0,0.0,0,,,,,,0,0.0,0,0.0,0,0.0,0,0.0,0,0.0,0,0.0,0,,,,,,,0.8317322781238794,0.9376239304284464,0.13650749238300017,0.1286450109368609,360.0,180.0,120.0,,,,11.999999999999998,90.0,45.0
2023-08,BTC_USD,1d,0,0.0,0,0.0,0,0.0,0,,,,0,0.0,0,0.0,0,0.0,0,0.0,0,0.0,0,,,,,,0,0.0,0,0.0,0,0.0,0,0.0,0,0.0,0,0.0,0,,,,,,,0.8452222002302147,0.8167454288548831,0.5583313175816726,0.6146495479086611,30.0,15.0,10.0,,,,7.5,6.0,3.75
2023-08,BTC_USD,2h,0,0.0,0,0.0,0,0.0,0,,,,0,0.0,0,0.0,0,0.0,0,0.0,0,0.0,0,,,,,,0,0.0,0,0.0,0,0.0,0,0.0,0,0.0,0,0.0,0,,,,,,,0.8369051628977388,0.8197651533555884,0.1599803333799285,0.1766475913066958,360.0,180.0,90.0,,,,11.999999999999998,40.0,72.0
2023-08,BTC_USDT,1d,0,0.0,0,0.0,0,0.0,0,,,,0,0.0,0,0.0,0,0.0,0,0.0,0,0.0,0,,,,,,0,0.0,0,0.0,0,0.0,0,0.0,0,0.0,0,0.0,0,,,,,,,0.8445646112948205,0.8176820160197387,0.6727475141023408,0.6703807445269293,30.0,15.0,10.0,,,,7.5,6.0,10.0
2023-08,BTC_USDT,2h,0,0.0,0,0.0,0,0.0,0,,,,0,0.0,0,0.0,0,0.0,0,0.0,0,0.0,0,,,,,,0,0.0,0,0.0,0,0.0,0,0.0,0,0.0,0,0.0,0,,,,,,,0.835139294857952,0.8206072007080915,0.23461818646009774,0.2538022097953766,360.0,180.0,90.0,,,,90.0,72.0,40.0
2023-09,BTC_USD,1d,0,0.0,0,0.0,0,0.0,0,,,,0,0.0,0,0.0,0,0.0,0,0.0,0,0.0,0,,,,,,0,0.0,0,0.0,0,0.0,0,0.0,0,0.0,0,0.0,0,,,,,,,0.8006719192607116,0.8497460347845506,0.6185434481518861,0.6146451744303363,30.0,15.0,7.5,,,,7.5,7.5,8.0
2023-09,BTC_USD,2h,0,0.0,0,0.0,0,0.0,0,,,,0,0.0,0,0.0,0,0.0,0,0.0,0,0.0,0,,,,,,0,0.0,0,0.0,0,0.0,0,0.0,0,0.0,0,0.0,0,,,,,,,0.7951081591894616,0.8346485407740099,0.1284432589077484,0.1248944058830953,360.0,180.0,90.0,,,,11.999999999999998,81.0,90.0
2023-09,BTC_USDT,1d,0,0.0,0,0.0,0,0.0,0,,,,0,0.0,0,0.0,0,0.0,0,0.0,0,0.0,0,,,,,,0,0.0,0,0.0,0,0.0,0,0.0,0,0.0,0,0.0,0,,,,,,,0.8027344408933386,0.8499550291537448,0.6412453916313214,0.6447184140857984,30.0,15.0,7.5,,,,7.5,7.5,8.75
2023-09,BTC_USDT,2h,0,0.0,0,0.0,0,0.0,0,,,,0,0.0,0,0.0,0,0.0,0,0.0,0,0.0,0,,,,,,0,0.0,0,0.0,0,0.0,0,0.0,0,0.0,0,0.0,0,,,,,,,0.7977556549131449,0.8319017931465413,0.16242750144132334,0.1556732804339048,360.0,180.0,90.0,,,,11.999999999999998,72.0,90.0
2023-10,BTC_USD,1d,0,0.0,0,0.0,0,0.0,0,,,,0,0.0,0,0.0,0,0.0,0,0.0,0,0.0,0,,,,,,0,0.0,0,0.0,0,0.0,0,0.0,0,0.0,0,0.0,0,,,,,,,0.8728789012823186,0.8555137898111183,0.5015809046200658,0.4694877146693138,30.0,15.0,7.5,,,,6.0,6.0,5.0
2023-10,BTC_USD,2h,0,0.0,0,0.0,0,0.0,0,,,,0,0.0,0,0.0,0,0.0,0,0.0,0,0.0,0,,,,,,0,0.0,0,0.0,0,0.0,0,0.0,0,0.0,0,0.0,0,,,,,,,0.8499221017754645,0.832798647441211,0.1249920774892242,0.0957670815318396,360.0,180.0,120.0,,,,45.0,45.0,51.42857142857143
2023-10,BTC_USDT,1d,0,0.0,0,0.0,0,0.0,0,,,,0,0.0,0,0.0,0,0.0,0,0.0,0,0.0,0,,,,,,0,0.0,0,0.0,0,0.0,0,0.0,0,0.0,0,0.0,0,,,,,,,0.872561345748768,0.8535777420152244,0.47731335008384496,0.4410050493872589,30.0,15.0,7.5,,,,7.5,3.333333333333333,4.285714285714286
2023-10,BTC_USDT,2h,0,0.0,0,0.0,0,0.0,0,,,,0,0.0,0,0.0,0,0.0,0,0.0,0,0.0,0,,,,,,0,0.0,0,0.0,0,0.0,0,0.0,0,0.0,0,0.0,0,,,,,,,0.8476397982742925,0.8308382416229115,0.1425632296365169,0.1450090542774798,360.0,180.0,90.0,,,,11.999999999999998,45.0,40.0
2023-11,BTC_USD,1d,0,0.0,0,0.0,0,0.0,0,,,,0,0.0,0,0.0,0,0.0,0,0.0,0,0.0,0,,,,,,0,0.0,0,0.0,0,0.0,0,0.0,0,0.0,0,0.0,0,,,,,,,0.8640006131901895,0.9533928016160008,0.6483596770222324,0.6510492707004598,30.0,15.0,10.0,,,,7.5,7.5,3.5416666666666665
2023-11,BTC_USD,2h,0,0.0,0,0.0,0,0.0,0,,,,0,0.0,0,0.0,0,0.0,0,0.0,0,0.0,0,,,,,,0,0.0,0,0.0,0,0.0,0,0.0,0,0.0,0,0.0,0,,,,,,,0.8874014186169251,0.9108723332707198,0.17848040866008277,0.19659623136585597,360.0,180.0,120.0,,,,67.5,90.0,72.0
2023-11,BTC_USDT,1d,0,0.0,0,0.0,0,0.0,0,,,,0,0.0,0,0.0,0,0.0,0,0.0,0,0.0,0,,,,,,0,0.0,0,0.0,0,0.0,0,0.0,0,0.0,0,0.0,0,,,,,,,0.8646149479982397,0.9537419961109992,0.6495418753676603,0.6558744637577736,30.0,15.0,10.0,,,,7.5,7.5,15.0
2023-11,BTC_USDT,2h,0,0.0,0,0.0,0,0.0,0,,,,0,0.0,0,0.0,0,0.0,0,0.0,0,0.0,0,,,,,,0,0.0,0,0.0,0,0.0,0,0.0,0,0.0,0,0.0,0,,,,,,,0.893296436363069,0.9144375409221499,0.2619883235747297,0.2568989652122089,360.0,180.0,120.0,,,,90.0,90.0,120.0
2023-12,BTC_USD,1d,0,0.0,0,0.0,0,0.0,0,,,,0,0.0,0,0.0,0,0.0,0,0.0,0,0.0,0,,,,,,0,0.0,0,0.0,0,0.0,0,0.0,0,0.0,0,0.0,0,,,,,,,0.7832135353354034,0.8953480499354062,0.5076555635194258,0.535119994808555,30.0,15.0,10.0,,,,7.5,6.0,3.75
2023-12,BTC_USD,2h,0,0.0,0,0.0,0,0.0,0,,,,0,0.0,0,0.0,0,0.0,0,0.0,0,0.0,0,,,,,,0,0.0,0,0.0,0,0.0,0,0.0,0,0.0,0,0.0,0,,,,,,,0.8281371935615316,0.9137620864135984,0.08965549956633918,0.0937706702522807,360.0,180.0,120.0,,,,11.999999999999998,90.0,72.0
2023-12,BTC_USDT,1d,0,0.0,0,0.0,0,0.0,0,,,,0,0.0,0,0.0,0,0.0,0,0.0,0,0.0,0,,,,,,0,0.0,0,0.0,0,0.0,0,0.0,0,0.0,0,0.0,0,,,,,,,0.7851334211661306,0.8984575336264956,0.5975683663152951,0.6010909132200196,30.0,15.0,10.0,,,,7.5,6.0,6.0
2023-12,BTC_USDT,2h,0,0.0,0,0.0,0,0.0,0,,,,0,0.0,0,0.0,0,0.0,0,0.0,0,0.0,0,,,,,,0,0.0,0,0.0,0,0.0,0,0.0,0,0.0,0,0.0,0,,,,,,,0.8278783774851642,0.9112802730153104,0.18708824348070205,0.1936098578564579,360.0,180.0,120.0,,,,11.999999999999998,72.0,40.0
2024-01,BTC_USD,1d,0,0.0,0,0.0,0,0.0,0,,,,0,0.0,0,0.0,0,0.0,0,0.0,0,0.0,0,,,,,,0,0.0,0,0.0,0,0.0,0,0.0,0,0.0,0,0.0,0,,,,,,,0.7998036171114508,0.783976701651924,0.734120061387229,0.7401690690952939,30.0,15.0,7.5,,,,7.5,30.0,6.0
2024-01,BTC_USD,2h,0,0.0,0,0.0,0,0.0,0,,,,0,0.0,0,0.0,0,0.0,0,0.0,0,0.0,0,,,,,,0,0.0,0,0.0,0,0.0,0,0.0,0,0.0,0,0.0,0,,,,,,,0.7689209261519813,0.7515148090042629,0.15773720805143435,0.1456951165380363,360.0,180.0,90.0,,,,11.999999999999998,90.0,120.0
2024-01,BTC_USDT,1d,0,0.0,0,0.0,0,0.0,0,,,,0,0.0,0,0.0,0,0.0,0,0.0,0,0.0,0,,,,,,0,0.0,0,0.0,0,0.0,0,0.0,0,0.0,0,0.0,0,,,,,,,0.8003944558089409,0.7806626184365169,0.7971122860691947,0.806448667432501,30.0,15.0,7.5,,,,7.5,15.0,10.0
2024-01,BTC_USDT,2h,0,0.0,0,0.0,0,0.0,0,,,,0,0.0,0,0.0,0,0.0,0,0.0,0,0.0,0,,,,,,0,0.0,0,0.0,0,0.0,0,0.0,0,0.0,0,0.0,0,,,,,,,0.7660846059776323,0.7428062485017551,0.23807841302671476,0.2328632170550008,360.0,180.0,90.0,,,,90.0,72.0,120.0
2024-02,BTC_USD,1d,0,0.0,0,0.0,0,0.0,0,,,,0,0.0,0,0.0,0,0.0,0,0.0,0,0.0,0,,,,,,0,0.0,0,0.0,0,0.0,0,0.0,0,0.0,0,0.0,0,,,,,,,0.960646988138786,0.9736864507516738,0.519934915759912,0.5134820981287748,30.0,15.0,10.0,,,,7.5,6.0,3.75
2024-02,BTC_USD,2h,0,0.0,0,0.0,0,0.0,0,,,,0,0.0,0,0.0,0,0.0,0,0.0,0,0.0,0,,,,,,0,0.0,0,0.0,0,0.0,0,0.0,0,0.0,0,0.0,0,,,,,,,0.9529068760800887,0.9552130604793126,0.11681463263966739,0.11359791758834,360.0,180.0,120.0,,,,11.999999999999998,90.0,10.588235294117649
2024-02,BTC_USDT,1d,0,0.0,0,0.0,0,0.0,0,,,,0,0.0,0,0.0,0,0.0,0,0.0,0,0.0,0,,,,,,0,0.0,0,0.0,0,0.0,0,0.0,0,0.0,0,0.0,0,,,,,,,0.9611684749931099,0.9743060369740418,0.5742327817049733,0.5995815005410117,30.0,15.0,10.0,,,,7.5,15.0,7.5
2024-02,BTC_USDT,2h,0,0.0,0,0.0,0,0.0,0,,,,0,0.0,0,0.0,0,0.0,0,0.0,0,0.0,0,,,,,,0,0.0,0,0.0,0,0.0,0,0.0,0,0.0,0,0.0,0,,,,,,,0.9524481028922334,0.9545139272210822,0.19768806496440539,0.1791983319639907,360.0,180.0,120.0,,,,11.999999999999998,90.0,180.0
2024-03,BTC_USD,1d,0,0.0,0,0.0,0,0.0,0,,,,0,0.0,0,0.0,0,0.0,0,0.0,0,0.0,0,,,,,,0,0.0,0,0.0,0,0.0,0,0.0,0,0.0,0,0.0,0,,,,,,,0.9235750142582344,0.9443074561815707,0.7340764299409291,0.7692803378195129,30.0,15.0,10.0,,,,7.5,6.0,6.0
2024-03,BTC_USD,2h,0,0.0,0,0.0,0,0.0,0,,,,0,0.0,0,0.0,0,0.0,0,0.0,0,0.0,0,,,,,,0,0.0,0,0.0,0,0.0,0,0.0,0,0.0,0,0.0,0,,,,,,,0.9388648789674734,0.9516406586782504,0.1975541308541803,0.1951370232206645,360.0,180.0,120.0,,,,11.999999999999998,90.0,72.0
2024-03,BTC_USDT,1d,0,0.0,0,0.0,0,0.0,0,,,,0,0.0,0,0.0,0,0.0,0,0.0,0,0.0,0,,,,,,0,0.0,0,0.0,0,0.0,0,0.0,0,0.0,0,0.0,0,,,,,,,0.924407714805748,0.9447720845755564,0.6974237654383794,0.7337722880799874,30.0,15.0,10.0,,,,7.5,6.0,6.0
2024-03,BTC_USDT,2h,0,0.0,0,0.0,0,0.0,0,,,,0,0.0,0,0.0,0,0.0,0,0.0,0,0.0,0,,,,,,0,0.0,0,0.0,0,0.0,0,0.0,0,0.0,0,0.0,0,,,,,,,0.9414010389555619,0.9533702236069784,0.2660098928708508,0.2589668798511009,360.0,180.0,120.0,,,,90.0,72.0,60.0
2024-04,BTC_USD,1d,0,0.0,0,0.0,0,0.0,0,,,,0,0.0,0,0.0,0,0.0,0,0.0,0,0.0,0,,,,,,0,0.0,0,0.0,0,0.0,0,0.0,0,0.0,0,0.0,0,,,,,,,0.7841942619182818,0.7849737655645794,0.7276031886387065,0.7113557980282836,15.0,30.0,10.0,,,,7.5,15.0,6.0
2024-04,BTC_USD,2h,0,0.0,0,0.0,0,0.0,0,,,,0,0.0,0,0.0,0,0.0,0,0.0,0,0.0,0,,,,,,0,0.0,0,0.0,0,0.0,0,0.0,0,0.0,0,0.0,0,,,,,,,0.8128951457082526,0.8181731562194867,0.18146085431494247,0.1849634176539988,180.0,360.0,120.0,,,,11.999999999999998,90.0,120.0
2024-04,BTC_USDT,1d,0,0.0,0,0.0,0,0.0,0,,,,0,0.0,0,0.0,0,0.0,0,0.0,0,0.0,0,,,,,,0,0.0,0,0.0,0,0.0,0,0.0,0,0.0,0,0.0,0,,,,,,,0.7855387059343848,0.7867396368348132,0.7211486706098929,0.7170042615120908,15.0,30.0,10.0,,,,15.0,6.75,7.5
2024-04,BTC_USDT,2h,0,0.0,0,0.0,0,0.0,0,,,,0,0.0,0,0.0,0,0.0,0,0.0,0,0.0,0,,,,,,0,0.0,0,0.0,0,0.0,0,0.0,0,0.0,0,0.0,0,,,,,,,0.8124688927183582,0.8128490906586161,0.25244601505632247,0.26506258851766984,180.0,360.0,120.0,,,,180.0,72.0,72.0
2024-05,BTC_USD,1d,0,0.0,0,0.0,0,0.0,0,,,,0,0.0,0,0.0,0,0.0,0,0.0,0,0.0,0,,,,,,0,0.0,0,0.0,0,0.0,0,0.0,0,0.0,0,0.0,0,,,,,,,0.8471193174193327,0.8554442527041118,0.6064688124690053,0.6020650593802699,15.0,15.0,7.5,,,,7.5,10.0,6.0
2024-05,BTC_USD,2h,0,0.0,0,0.0,0,0.0,0,,,,0,0.0,0,0.0,0,0.0,0,0.0,0,0.0,0,,,,,,0,0.0,0,0.0,0,0.0,0,0.0,0,0.0,0,0.0,0,,,,,,,0.8617833410060552,0.86014760356064,0.1585491245362084,0.145240280904478,180.0,180.0,120.0,,,,11.999999999999998,90.0,120.0
2024-05,BTC_USDT,1d,0,0.0,0,0.0,0,0.0,0,,,,0,0.0,0,0.0,0,0.0,0,0.0,0,0.0,0,,,,,,0,0.0,0,0.0,0,0.0,0,0.0,0,0.0,0,0.0,0,,,,,,,0.8488357174516916,0.8570637562780445,0.7048814461098123,0.7046313754145247,15.0,15.0,7.5,,,,7.5,15.0,7.5
2024-05,BTC_USDT,2h,0,0.0,0,0.0,0,0.0,0,,,,0,0.0,0,0.0,0,0.0,0,0.0,0,0.0,0,,,,,,0,0.0,0,0.0,0,0.0,0,0.0,0,0.0,0,0.0,0,,,,,,,0.8630477731092474,0.8606347897117408,0.2183640334128173,0.2193112142675803,180.0,360.0,120.0,,,,90.0,90.0,90.0
2024-06,BTC_USD,1d,0,0.0,0,0.0,0,0.0,0,,,,0,0.0,0,0.0,0,0.0,0,0.0,0,0.0,0,,,,,,0,0.0,0,0.0,0,0.0,0,0.0,0,0.0,0,0.0,0,,,,,,,0.860552082178307,0.8607223237374944,0.4971200923578926,0.48432057823021063,30.0,15.0,7.5,,,,7.5,3.75,3.333333333333333
2024-06,BTC_USD,2h,0,0.0,0,0.0,0,0.0,0,,,,0,0.0,0,0.0,0,0.0,0,0.0,0,0.0,0,,,,,,0,0.0,0,0.0,0,0.0,0,0.0,0,0.0,0,0.0,0,,,,,,,0.8400366773553808,0.8739629608006441,0.1152958095462098,0.1097035916883359,360.0,180.0,90.0,,,,11.999999999999998,90.0,45.0
2024-06,BTC_USDT,1d,0,0.0,0,0.0,0,0.0,0,,,,0,0.0,0,0.0,0,0.0,0,0.0,0,0.0,0,,,,,,0,0.0,0,0.0,0,0.0,0,0.0,0,0.0,0,0.0,0,,,,,,,0.861656763812542,0.8621583544509885,0.6058231311964231,0.622148525358202,30.0,15.0,7.5,,,,7.5,6.0,3.75
2024-06,BTC_USDT,2h,0,0.0,0,0.0,0,0.0,0,,,,0,0.0,0,0.0,0,0.0,0,0.0,0,0.0,0,,,,,,0,0.0,0,0.0,0,0.0,0,0.0,0,0.0,0,0.0,0,,,,,,,0.8424067124960727,0.8760001545609547,0.16407013228541617,0.16868883743819874,360.0,180.0,75.0,,,,11.999999999999998,90.0,45.0
2024-07,BTC_USD,1d,0,0.0,0,0.0,0,0.0,0,,,,0,0.0,0,0.0,0,0.0,0,0.0,0,0.0,0,,,,,,0,0.0,0,0.0,0,0.0,0,0.0,0,0.0,0,0.0,0,,,,,,,0.918152393038191,0.9265551108386986,0.3413368015804297,0.3329877372375375,30.0,15.0,10.0,,,,3.333333333333333,3.75,6.0
2024-07,BTC_USD,2h,0,0.0,0,0.0,0,0.0,0,,,,0,0.0,0,0.0,0,0.0,0,0.0,0,0.0,0,,,,,,0,0.0,0,0.0,0,0.0,0,0.0,0,0.0,0,0.0,0,,,,,,,0.9102033148390971,0.8988944269917153,0.1048596419141406,0.106130242843397,360.0,180.0,90.0,,,,40.0,45.0,45.0
2024-07,BTC_USDT,1d,0,0.0,0,0.0,0,0.0,0,,,,0,0.0,0,0.0,0,0.0,0,0.0,0,0.0,0,,,,,,0,0.0,0,0.0,0,0.0,0,0.0,0,0.0,0,0.0,0,,,,,,,0.9189478162289881,0.9268965105147124,0.4587009185841171,0.4529946202012609,30.0,15.0,10.0,,,,3.75,7.5,6.0
2024-07,BTC_USDT,2h,0,0.0,0,0.0,0,0.0,0,,,,0,0.0,0,0.0,0,0.0,0,0.0,0,0.0,0,,,,,,0,0.0,0,0.0,0,0.0,0,0.0,0,0.0,0,0.0,0,,,,,,,0.9105389924234375,0.8985868642190237,0.20352566534388572,0.1985205499036621,360.0,180.0,90.0,,,,45.0,90.0,90.0
2024-08,BTC_USD,1d,0,0.0,0,0.0,0,0.0,0,,,,0,0.0,0,0.0,0,0.0,0,0.0,0,0.0,0,,,,,,0,0.0,0,0.0,0,0.0,0,0.0,0,0.0,0,0.0,0,,,,,,,0.9136558971755182,0.9555512709369918,0.5204531053171182,0.5434697639413741,30.0,15.0,10.0,,,,10.0,8.75,3.333333333333333
2024-08,BTC_USD,2h,0,0.0,0,0.0,0,0.0,0,,,,0,0.0,0,0.0,0,0.0,0,0.0,0,0.0,0,,,,,,0,0.0,0,0.0,0,0.0,0,0.0,0,0.0,0,0.0,0,,,,,,,0.9042081708615893,0.9342307393170988,0.14754414142721023,0.1618073130135242,360.0,180.0,120.0,,,,11.999999999999998,90.0,40.0
2024-08,BTC_USDT,1d,0,0.0,0,0.0,0,0.0,0,,,,0,0.0,0,0.0,0,0.0,0,0.0,0,0.0,0,,,,,,0,0.0,0,0.0,0,0.0,0,0.0,0,0.0,0,0.0,0,,,,,,,0.9083050223106403,0.9562233934881562,0.5255075912027892,0.5015288575942014,30.0,15.0,10.0,,,,30.0,7.5,3.75
2024-08,BTC_USDT,2h,0,0.0,0,0.0,0,0.0,0,,,,0,0.0,0,0.0,0,0.0,0,0.0,0,0.0,0,,,,,,0,0.0,0,0.0,0,0.0,0,0.0,0,0.0,0,0.0,0,,,,,,,0.9079423875432041,0.9356407702238718,0.23515428567483637,0.2472834163345456,360.0,180.0,120.0,,,,180.0,120.0,120.0
2024-09,BTC_USD,2h,0,0.0,0,0.0,0,0.0,0,,,,0,0.0,0,0.0,0,0.0,0,0.0,0,0.0,0,,,,,,0,0.0,0,0.0,0,0.0,0,0.0,0,0.0,0,0.0,0,,,,,,,0.9147996590413686,0.9260700610931084,0.09208873152185008,0.0835479363209061,360.0,180.0,120.0,,,,11.999999999999998,90.0,13.846153846153843
2024-09,BTC_USDT,1d,0,0.0,0,0.0,0,0.0,0,,,,0,0.0,0,0.0,0,0.0,0,0.0,0,0.0,0,,,,,,0,0.0,0,0.0,0,0.0,0,0.0,0,0.0,0,0.0,0,,,,,,,0.9177971867820852,0.922241430908127,0.5381343675723778,0.5297679328329719,30.0,15.0,10.0,,,,7.5,6.0,3.75
2024-09,BTC_USDT,2h,0,0.0,0,0.0,0,0.0,0,,,,0,0.0,0,0.0,0,0.0,0,0.0,0,0.0,0,,,,,,0,0.0,0,0.0,0,0.0,0,0.0,0,0.0,0,0.0,0,,,,,,,0.912671527617253,0.9282162654779438,0.12482726726229783,0.11479556892348515,360.0,180.0,120.0,,,,11.999999999999998,90.0,37.5
2024-10,BTC_USD,2h,0,0.0,0,0.0,0,0.0,0,,,,0,0.0,0,0.0,0,0.0,0,0.0,0,0.0,0,,,,,,0,0.0,0,0.0,0,0.0,0,0.0,0,0.0,0,0.0,0,,,,,,,0.9433652612695645,0.9465642625394568,0.1577966761911987,0.1656197466650305,360.0,180.0,120.0,,,,11.999999999999998,90.0,72.0
2024-10,BTC_USDT,1d,0,0.0,0,0.0,0,0.0,0,,,,0,0.0,0,0.0,0,0.0,0,0.0,0,0.0,0,,,,,,0,0.0,0,0.0,0,0.0,0,0.0,0,0.0,0,0.0,0,,,,,,,0.9547025464241659,0.9575654875854236,0.6882628174605143,0.6852957665120887,30.0,15.0,10.0,,,,7.5,6.0,3.75
2024-10,BTC_USDT,2h,0,0.0,0,0.0,0,0.0,0,,,,0,0.0,0,0.0,0,0.0,0,0.0,0,0.0,0,,,,,,0,0.0,0,0.0,0,0.0,0,0.0,0,0.0,0,0.0,0,,,,,,,0.9436019976731875,0.947535186104703,0.18708640814197453,0.178568063515868,360.0,180.0,120.0,,,,11.999999999999998,90.0,72.0
2024-11,BTC_USD,2h,0,0.0,0,0.0,0,0.0,0,,,,0,0.0,0,0.0,0,0.0,0,0.0,0,0.0,0,,,,,,0,0.0,0,0.0,0,0.0,0,0.0,0,0.0,0,0.0,0,,,,,,,0.9338996683503517,0.9633718928394045,0.21798590621409497,0.20845739963165522,360.0,180.0,120.0,,,,11.999999999999998,90.0,72.0
2024-11,BTC_USDT,1d,0,0.0,0,0.0,0,0.0,0,,,,0,0.0,0,0.0,0,0.0,0,0.0,0,0.0,0,,,,,,0,0.0,0,0.0,0,0.0,0,0.0,0,0.0,0,0.0,0,,,,,,,0.9236285950435444,0.9454196458405539,0.621335102555461,0.5723833292655321,30.0,15.0,10.0,,,,7.5,6.0,6.75
2024-11,BTC_USDT,2h,0,0.0,0,0.0,0,0.0,0,,,,0,0.0,0,0.0,0,0.0,0,0.0,0,0.0,0,,,,,,0,0.0,0,0.0,0,0.0,0,0.0,0,0.0,0,0.0,0,,,,,,,0.9347493144513561,0.963152986919239,0.2633482849006881,0.27808127568610125,360.0,180.0,120.0,,,,90.0,90.0,72.0
2024-12,BTC_USD,2h,0,0.0,0,0.0,0,0.0,0,,,,0,0.0,0,0.0,0,0.0,0,0.0,0,0.0,0,,,,,,0,0.0,0,0.0,0,0.0,0,0.0,0,0.0,0,0.0,0,,,,,,,0.8238306034293049,0.842642097756883,0.2618945355304792,0.234320632947412,360.0,180.0,120.0,,,,90.0,11.999999999999998,90.0
2024-12,BTC_USDT,1d,0,0.0,0,0.0,0,0.0,0,,,,0,0.0,0,0.0,0,0.0,0,0.0,0,0.0,0,,,,,,0,0.0,0,0.0,0,0.0,0,0.0,0,0.0,0,0.0,0,,,,,,,0.8392656006893219,0.8326125325128804,0.5985271201801783,0.5929608471757241,30.0,10.0,10.0,,,,7.5,7.5,15.0
2024-12,BTC_USDT,2h,0,0.0,0,0.0,0,0.0,0,,,,0,0.0,0,0.0,0,0.0,0,0.0,0,0.0,0,,,,,,0,0.0,0,0.0,0,0.0,0,0.0,0,0.0,0,0.0,0,,,,,,,0.8253097685525596,0.8388680798782788,0.24483041509389591,0.2320040029152863,360.0,120.0,120.0,,,,90.0,90.0,60.0
2025-01,BTC_USD,2h,0,0.0,0,0.0,0,0.0,0,,,,0,0.0,0,0.0,0,0.0,0,0.0,0,0.0,0,,,,,,0,0.0,0,0.0,0,0.0,0,0.0,0,0.0,0,0.0,0,,,,,,,0.8459326481523262,0.8490454150329296,0.14161298025912078,0.1376830427101235,360.0,180.0,120.0,,,,11.999999999999998,360.0,45.0
2025-01,BTC_USDT,1d,0,0.0,0,0.0,0,0.0,0,,,,0,0.0,0,0.0,0,0.0,0,0.0,0,0.0,0,,,,,,0,0.0,0,0.0,0,0.0,0,0.0,0,0.0,0,0.0,0,,,,,,,0.8551851716573587,0.8593979381573569,0.6545550962332819,0.6658523551303807,30.0,15.0,10.0,,,,10.0,10.0,7.5
2025-01,BTC_USDT,2h,0,0.0,0,0.0,0,0.0,0,,,,0,0.0,0,0.0,0,0.0,0,0.0,0,0.0,0,,,,,,0,0.0,0,0.0,0,0.0,0,0.0,0,0.0,0,0.0,0,,,,,,,0.8454495384315033,0.846136284109548,0.25064227921792004,0.2531304522434587,360.0,180.0,120.0,,,,120.0,90.0,45.0
2025-02,BTC_USD,2h,0,0.0,0,0.0,0,0.0,0,,,,0,0.0,0,0.0,0,0.0,0,0.0,0,0.0,0,,,,,,0,0.0,0,0.0,0,0.0,0,0.0,0,0.0,0,0.0,0,,,,,,,0.7690520866646295,0.7730634830093295,0.11192336902152156,0.08052660378777846,360.0,180.0,72.0,,,,11.999999999999998,40.0,45.0
2025-02,BTC_USDT,1d,0,0.0,0,0.0,0,0.0,0,,,,0,0.0,0,0.0,0,0.0,0,0.0,0,0.0,0,,,,,,0,0.0,0,0.0,0,0.0,0,0.0,0,0.0,0,0.0,0,,,,,,,0.8342891445753129,0.8500758220622826,0.5461003836891344,0.5239116544508872,30.0,15.0,5.0,,,,3.75,7.5,10.0
2025-02,BTC_USDT,2h,0,0.0,0,0.0,0,0.0,0,,,,0,0.0,0,0.0,0,0.0,0,0.0,0,0.0,0,,,,,,0,0.0,0,0.0,0,0.0,0,0.0,0,0.0,0,0.0,0,,,,,,,0.7763675762319183,0.7796099473015228,0.20471457257240214,0.1864092173292653,360.0,180.0,72.0,,,,40.0,180.0,90.0
2025-03,BTC_USD,2h,0,0.0,0,0.0,0,0.0,0,,,,0,0.0,0,0.0,0,0.0,0,0.0,0,0.0,0,,,,,,0,0.0,0,0.0,0,0.0,0,0.0,0,0.0,0,0.0,0,,,,,,,0.8104470697698682,0.816267334679172,0.16526623833869408,0.1407364310564128,360.0,180.0,120.0,,,,11.999999999999998,40.0,72.0
2025-03,BTC_USDT,1d,0,0.0,0,0.0,0,0.0,0,,,,0,0.0,0,0.0,0,0.0,0,0.0,0,0.0,0,,,,,,0,0.0,0,0.0,0,0.0,0,0.0,0,0.0,0,0.0,0,,,,,,,0.826737687335003,0.8059141037757515,0.6554799300000351,0.6257517792265715,30.0,15.0,10.0,,,,30.0,7.5,3.75
2025-03,BTC_USDT,2h,0,0.0,0,0.0,0,0.0,0,,,,0,0.0,0,0.0,0,0.0,0,0.0,0,0.0,0,,,,,,0,0.0,0,0.0,0,0.0,0,0.0,0,0.0,0,0.0,0,,,,,,,0.8107478450537643,0.8172965333009664,0.2786477812227478,0.2331945193819052,360.0,180.0,120.0,,,,360.0,180.0,40.0
2025-04,BTC_USD,2h,0,0.0,0,0.0,0,0.0,0,,,,0,0.0,0,0.0,0,0.0,0,0.0,0,0.0,0,,,,,,0,0.0,0,0.0,0,0.0,0,0.0,0,0.0,0,0.0,0,,,,,,,0.8403978921267344,0.8462417079985849,0.17131658091432145,0.16543815007998006,360.0,120.0,120.0,,,,11.999999999999998,90.0,81.0
2025-04,BTC_USDT,1d,0,0.0,0,0.0,0,0.0,0,,,,0,0.0,0,0.0,0,0.0,0,0.0,0,0.0,0,,,,,,0,0.0,0,0.0,0,0.0,0,0.0,0,0.0,0,0.0,0,,,,,,,0.8164008111282974,0.8385800816124354,0.6540751637039083,0.635209324254951,30.0,12.5,10.0,,,,30.0,11.25,4.285714285714286
2025-04,BTC_USDT,2h,0,0.0,0,0.0,0,0.0,0,,,,0,0.0,0,0.0,0,0.0,0,0.0,0,0.0,0,,,,,,0,0.0,0,0.0,0,0.0,0,0.0,0,0.0,0,0.0,0,,,,,,,0.8390546184451687,0.8451867757175311,0.2744893225355014,0.26345779616363696,360.0,180.0,120.0,,,,360.0,135.0,90.0
2025-05,BTC_USD,2h,0,0.0,0,0.0,0,0.0,0,,,,0,0.0,0,0.0,0,0.0,0,0.0,0,0.0,0,,,,,,0,0.0,0,0.0,0,0.0,0,0.0,0,0.0,0,0.0,0,,,,,,,0.945788655572599,0.9522834387405428,0.11862541750001968,0.1080229891789746,360.0,180.0,120.0,,,,11.999999999999998,90.0,13.846153846153843
2025-05,BTC_USDT,1d,0,0.0,0,0.0,0,0.0,0,,,,0,0.0,0,0.0,0,0.0,0,0.0,0,0.0,0,,,,,,0,0.0,0,0.0,0,0.0,0,0.0,0,0.0,0,0.0,0,,,,,,,0.9294849907611864,0.9387161841684392,0.6170890989629783,0.6138927102556737,30.0,15.0,10.0,,,,7.5,10.0,15.0
2025-05,BTC_USDT,2h,0,0.0,0,0.0,0,0.0,0,,,,0,0.0,0,0.0,0,0.0,0,0.0,0,0.0,0,,,,,,0,0.0,0,0.0,0,0.0,0,0.0,0,0.0,0,0.0,0,,,,,,,0.9461820393799637,0.9535623600676384,0.20345843515370857,0.1768404368443804,360.0,180.0,120.0,,,,90.0,90.0,120.0
2025-06,BTC_USD,2h,0,0.0,0,0.0,0,0.0,0,,,,0,0.0,0,0.0,0,0.0,0,0.0,0,0.0,0,,,,,,0,0.0,0,0.0,0,0.0,0,0.0,0,0.0,0,0.0,0,,,,,,,0.8533792528587829,0.8704955603240474,0.10788827413449333,0.11021004840275594,180.0,180.0,90.0,,,,11.999999999999998,90.0,40.0
2025-06,BTC_USDT,1d,0,0.0,0,0.0,0,0.0,0,,,,0,0.0,0,0.0,0,0.0,0,0.0,0,0.0,0,,,,,,0,0.0,0,0.0,0,0.0,0,0.0,0,0.0,0,0.0,0,,,,,,,0.876606617686339,0.8743809672809858,0.5696874084360896,0.6940433678001725,30.0,15.0,7.5,,,,10.0,7.5,7.5
2025-06,BTC_USDT,2h,0,0.0,0,0.0,0,0.0,0,,,,0,0.0,0,0.0,0,0.0,0,0.0,0,0.0,0,,,,,,0,0.0,0,0.0,0,0.0,0,0.0,0,0.0,0,0.0,0,,,,,,,0.8566097222243945,0.8728506018375011,0.16094616500679057,0.1881304507924591,270.0,180.0,90.0,,,,120.0,58.5,81.0
2025-07,BTC_USD,2h,0,0.0,0,0.0,0,0.0,0,,,,0,0.0,0,0.0,0,0.0,0,0.0,0,0.0,0,,,,,,0,0.0,0,0.0,0,0.0,0,0.0,0,0.0,0,0.0,0,,,,,,,0.8746452649493099,0.8747413238433237,0.1812907434841202,0.1597006809475922,360.0,180.0,120.0,,,,40.0,21.176470588235293,90.0
2025-07,BTC_USDT,1d,0,0.0,0,0.0,0,0.0,0,,,,0,0.0,0,0.0,0,0.0,0,0.0,0,0.0,0,,,,,,0,0.0,0,0.0,0,0.0,0,0.0,0,0.0,0,0.0,0,,,,,,,0.9067144230089411,0.8966826439059032,0.6263316123296286,0.6269028344907858,30.0,15.0,10.0,,,,10.0,7.5,7.5
2025-07,BTC_USDT,2h,0,0.0,0,0.0,0,0.0,0,,,,0,0.0,0,0.0,0,0.0,0,0.0,0,0.0,0,,,,,,0,0.0,0,0.0,0,0.0,0,0.0,0,0.0,0,0.0,0,,,,,,,0.8728888602569057,0.8730980600862149,0.21957085021147957,0.2021276836255974,360.0,180.0,120.0,,,,120.0,40.0,60.0
2025-08,BTC_USD,2h,0,0.0,0,0.0,0,0.0,0,,,,0,0.0,0,0.0,0,0.0,0,0.0,0,0.0,0,,,,,,0,0.0,0,0.0,0,0.0,0,0.0,0,0.0,0,0.0,0,,,,,,,0.8460653071975551,0.8534283325172017,0.15502435573586318,0.15101605612450295,360.0,180.0,120.0,,,,40.0,72.0,60.0
2025-08,BTC_USDT,1d,0,0.0,0,0.0,0,0.0,0,,,,0,0.0,0,0.0,0,0.0,0,0.0,0,0.0,0,,,,,,0,0.0,0,0.0,0,0.0,0,0.0,0,0.0,0,0.0,0,,,,,,,0.8893368060581994,0.8954853879354747,0.4471962675996884,0.39544047896456014,30.0,15.0,8.75,,,,3.333333333333333,3.75,7.5
2025-08,BTC_USDT,2h,0,0.0,0,0.0,0,0.0,0,,,,0,0.0,0,0.0,0,0.0,0,0.0,0,0.0,0,,,,,,0,0.0,0,0.0,0,0.0,0,0.0,0,0.0,0,0.0,0,,,,,,,0.8460763454850692,0.8536041244760635,0.15914849079882268,0.157892937847872,360.0,180.0,120.0,,,,40.0,45.0,81.0
