month,symbol,timeframe,phase,start,end,d1_candles,h2_bars
2021-12,BTC_USD,1d,unknown,2021-12-06 00:00:00,2021-12-31 00:00:00,26,312
2022-01,BTC_USD,1d,unknown,2022-01-01 00:00:00,2022-01-05 00:00:00,5,60
2022-01,BTC_USD,1d,distribution,2022-01-05 00:00:00,2022-01-31 00:00:00,27,324
2022-02,BTC_USD,1d,distribution,2022-02-01 00:00:00,2022-02-28 00:00:00,28,336
2022-03,BTC_USD,1d,distribution,2022-03-01 00:00:00,2022-03-31 00:00:00,31,372
2022-04,BTC_USD,1d,distribution,2022-04-01 00:00:00,2022-04-30 00:00:00,30,360
2022-05,BTC_USD,1d,distribution,2022-05-01 00:00:00,2022-05-09 00:00:00,9,108
2022-05,BTC_USD,1d,bear,2022-05-09 00:00:00,2022-05-31 00:00:00,23,276
2022-06,BTC_USD,1d,bear,2022-06-01 00:00:00,2022-06-30 00:00:00,30,360
2022-07,BTC_USD,1d,bear,2022-07-01 00:00:00,2022-07-31 00:00:00,31,372
2022-08,BTC_USD,1d,bear,2022-08-01 00:00:00,2022-08-31 00:00:00,31,372
2022-09,BTC_USD,1d,bear,2022-09-01 00:00:00,2022-09-30 00:00:00,30,360
2022-10,BTC_USD,1d,bear,2022-10-01 00:00:00,2022-10-31 00:00:00,31,372
2022-11,BTC_USD,1d,bear,2022-11-01 00:00:00,2022-11-30 00:00:00,30,360
2022-12,BTC_USD,1d,bear,2022-12-01 00:00:00,2022-12-31 00:00:00,31,372
2023-01,BTC_USD,1d,bear,2023-01-01 00:00:00,2023-01-16 00:00:00,16,192
2023-01,BTC_USD,1d,distribution,2023-01-16 00:00:00,2023-01-31 00:00:00,16,192
2023-02,BTC_USD,1d,distribution,2023-02-01 00:00:00,2023-02-28 00:00:00,28,336
2023-03,BTC_USD,1d,distribution,2023-03-01 00:00:00,2023-03-31 00:00:00,31,372
2023-04,BTC_USD,1d,distribution,2023-04-01 00:00:00,2023-04-30 00:00:00,30,360
2023-05,BTC_USD,1d,distribution,2023-05-01 00:00:00,2023-05-31 00:00:00,31,372
2023-06,BTC_USD,1d,distribution,2023-06-01 00:00:00,2023-06-30 00:00:00,30,360
2023-07,BTC_USD,1d,distribution,2023-07-01 00:00:00,2023-07-31 00:00:00,31,372
2023-08,BTC_USD,1d,distribution,2023-08-01 00:00:00,2023-08-31 00:00:00,31,372
2023-09,BTC_USD,1d,distribution,2023-09-01 00:00:00,2023-09-30 00:00:00,30,360
2023-10,BTC_USD,1d,distribution,2023-10-01 00:00:00,2023-10-30 00:00:00,30,360
2023-10,BTC_USD,1d,accumulation,2023-10-30 00:00:00,2023-10-31 00:00:00,2,24
2023-11,BTC_USD,1d,accumulation,2023-11-01 00:00:00,2023-11-21 00:00:00,21,252
2023-11,BTC_USD,1d,expansion,2023-11-21 00:00:00,2023-11-22 00:00:00,2,24
2023-11,BTC_USD,1d,accumulation,2023-11-22 00:00:00,2023-11-30 00:00:00,9,108
2023-12,BTC_USD,1d,accumulation,2023-12-01 00:00:00,2023-12-11 00:00:00,11,132
2023-12,BTC_USD,1d,expansion,2023-12-11 00:00:00,2023-12-15 00:00:00,5,60
2023-12,BTC_USD,1d,accumulation,2023-12-15 00:00:00,2023-12-31 00:00:00,17,204
2024-01,BTC_USD,1d,accumulation,2024-01-01 00:00:00,2024-01-08 00:00:00,8,96
2024-01,BTC_USD,1d,expansion,2024-01-08 00:00:00,2024-01-10 00:00:00,3,36
2024-01,BTC_USD,1d,accumulation,2024-01-10 00:00:00,2024-01-12 00:00:00,3,36
2024-01,BTC_USD,1d,expansion,2024-01-12 00:00:00,2024-01-14 00:00:00,3,36
2024-01,BTC_USD,1d,distribution,2024-01-14 00:00:00,2024-01-15 00:00:00,2,24
2024-01,BTC_USD,1d,expansion,2024-01-15 00:00:00,2024-01-18 00:00:00,4,48
2024-01,BTC_USD,1d,distribution,2024-01-18 00:00:00,2024-01-31 00:00:00,14,168
2024-02,BTC_USD,1d,distribution,2024-02-01 00:00:00,2024-02-13 00:00:00,13,156
2024-02,BTC_USD,1d,accumulation,2024-02-13 00:00:00,2024-02-29 00:00:00,17,204
2024-03,BTC_USD,1d,accumulation,2024-03-01 00:00:00,2024-03-04 00:00:00,4,48
2024-03,BTC_USD,1d,expansion,2024-03-04 00:00:00,2024-03-16 00:00:00,13,156
2024-03,BTC_USD,1d,distribution,2024-03-16 00:00:00,2024-03-17 00:00:00,2,24
2024-03,BTC_USD,1d,expansion,2024-03-17 00:00:00,2024-03-19 00:00:00,3,36
2024-03,BTC_USD,1d,distribution,2024-03-19 00:00:00,2024-03-20 00:00:00,2,24
2024-03,BTC_USD,1d,euphoria,2024-03-20 00:00:00,2024-03-22 00:00:00,3,36
2024-03,BTC_USD,1d,distribution,2024-03-22 00:00:00,2024-03-24 00:00:00,3,36
2024-03,BTC_USD,1d,expansion,2024-03-24 00:00:00,2024-03-31 00:00:00,8,96
2024-04,BTC_USD,1d,expansion,2024-04-01 00:00:00,2024-04-02 00:00:00,2,24
2024-04,BTC_USD,1d,distribution,2024-04-02 00:00:00,2024-04-03 00:00:00,2,24
2024-04,BTC_USD,1d,expansion,2024-04-03 00:00:00,2024-04-13 00:00:00,11,132
2024-04,BTC_USD,1d,distribution,2024-04-13 00:00:00,2024-04-22 00:00:00,10,120
2024-04,BTC_USD,1d,expansion,2024-04-22 00:00:00,2024-04-24 00:00:00,3,36
2024-04,BTC_USD,1d,distribution,2024-04-24 00:00:00,2024-04-30 00:00:00,7,84
2024-05,BTC_USD,1d,distribution,2024-05-01 00:00:00,2024-05-31 00:00:00,31,372
2024-06,BTC_USD,1d,distribution,2024-06-01 00:00:00,2024-06-30 00:00:00,30,360
2024-07,BTC_USD,1d,distribution,2024-07-01 00:00:00,2024-07-31 00:00:00,31,372
2024-08,BTC_USD,1d,distribution,2024-08-01 00:00:00,2024-08-30 00:00:00,30,360
2011-08,BTC_USD,2h,nan,2011-08-18 12:00:00,2011-08-31 22:00:00,14,162
2011-09,BTC_USD,2h,nan,2011-09-01 00:00:00,2011-09-30 22:00:00,30,360
2011-10,BTC_USD,2h,nan,2011-10-01 00:00:00,2011-10-31 22:00:00,31,372
2011-11,BTC_USD,2h,nan,2011-11-01 00:00:00,2011-11-30 22:00:00,30,360
2011-12,BTC_USD,2h,nan,2011-12-01 00:00:00,2011-12-31 22:00:00,31,372
2012-01,BTC_USD,2h,nan,2012-01-01 00:00:00,2012-01-31 22:00:00,31,372
2012-02,BTC_USD,2h,nan,2012-02-01 00:00:00,2012-02-29 22:00:00,29,348
2012-03,BTC_USD,2h,nan,2012-03-01 00:00:00,2012-03-31 22:00:00,31,372
2012-04,BTC_USD,2h,nan,2012-04-01 00:00:00,2012-04-30 22:00:00,30,360
2012-05,BTC_USD,2h,nan,2012-05-01 00:00:00,2012-05-31 22:00:00,31,372
2012-06,BTC_USD,2h,nan,2012-06-01 00:00:00,2012-06-30 22:00:00,30,360
2012-07,BTC_USD,2h,nan,2012-07-01 00:00:00,2012-07-31 22:00:00,31,372
2012-08,BTC_USD,2h,nan,2012-08-01 00:00:00,2012-08-31 22:00:00,31,372
2012-09,BTC_USD,2h,nan,2012-09-01 00:00:00,2012-09-30 22:00:00,30,360
2012-10,BTC_USD,2h,nan,2012-10-01 00:00:00,2012-10-31 22:00:00,31,372
2012-11,BTC_USD,2h,nan,2012-11-01 00:00:00,2012-11-28 00:00:00,28,325
2012-11,BTC_USD,2h,distribution,2012-11-28 00:00:00,2012-11-30 22:00:00,3,36
2012-12,BTC_USD,2h,distribution,2012-12-01 00:00:00,2012-12-31 22:00:00,31,372
2013-01,BTC_USD,2h,distribution,2013-01-01 00:00:00,2013-01-31 22:00:00,31,372
2013-02,BTC_USD,2h,distribution,2013-02-01 00:00:00,2013-02-28 22:00:00,28,336
2013-03,BTC_USD,2h,distribution,2013-03-01 00:00:00,2013-03-05 14:00:00,5,56
2013-03,BTC_USD,2h,accumulation,2013-03-05 14:00:00,2013-03-06 22:00:00,2,17
2013-03,BTC_USD,2h,distribution,2013-03-06 22:00:00,2013-03-07 14:00:00,2,9
2013-03,BTC_USD,2h,expansion,2013-03-07 14:00:00,2013-03-07 16:00:00,1,2
2013-03,BTC_USD,2h,distribution,2013-03-07 16:00:00,2013-03-08 16:00:00,2,13
2013-03,BTC_USD,2h,expansion,2013-03-08 16:00:00,2013-03-08 18:00:00,1,2
2013-03,BTC_USD,2h,distribution,2013-03-08 18:00:00,2013-03-09 22:00:00,2,15
2013-03,BTC_USD,2h,accumulation,2013-03-09 22:00:00,2013-03-10 22:00:00,2,13
2013-03,BTC_USD,2h,distribution,2013-03-10 22:00:00,2013-03-19 20:00:00,10,108
2013-03,BTC_USD,2h,accumulation,2013-03-19 20:00:00,2013-03-23 04:00:00,5,41
2013-03,BTC_USD,2h,distribution,2013-03-23 04:00:00,2013-03-24 20:00:00,2,21
2013-03,BTC_USD,2h,expansion,2013-03-24 20:00:00,2013-03-25 22:00:00,2,14
2013-03,BTC_USD,2h,accumulation,2013-03-25 22:00:00,2013-03-28 20:00:00,4,36
2013-03,BTC_USD,2h,distribution,2013-03-28 20:00:00,2013-03-28 22:00:00,1,2
2013-03,BTC_USD,2h,expansion,2013-03-28 22:00:00,2013-03-31 08:00:00,4,30
2013-03,BTC_USD,2h,accumulation,2013-03-31 08:00:00,2013-03-31 22:00:00,1,8
2013-04,BTC_USD,2h,accumulation,2013-04-01 00:00:00,2013-04-03 06:00:00,3,28
2013-04,BTC_USD,2h,expansion,2013-04-03 06:00:00,2013-04-04 02:00:00,2,11
2013-04,BTC_USD,2h,distribution,2013-04-04 02:00:00,2013-04-04 04:00:00,1,2
2013-04,BTC_USD,2h,expansion,2013-04-04 04:00:00,2013-04-05 22:00:00,2,22
2013-04,BTC_USD,2h,accumulation,2013-04-05 22:00:00,2013-04-10 04:00:00,6,52
2013-04,BTC_USD,2h,expansion,2013-04-10 04:00:00,2013-04-10 16:00:00,1,7
2013-04,BTC_USD,2h,euphoria,2013-04-10 16:00:00,2013-04-10 18:00:00,1,2
2013-04,BTC_USD,2h,distribution,2013-04-10 18:00:00,2013-04-11 16:00:00,2,12
2013-04,BTC_USD,2h,bear,2013-04-11 16:00:00,2013-04-19 08:00:00,9,93
2013-04,BTC_USD,2h,distribution,2013-04-19 08:00:00,2013-04-30 22:00:00,12,140
2013-05,BTC_USD,2h,distribution,2013-05-01 00:00:00,2013-05-01 18:00:00,1,10
2013-05,BTC_USD,2h,bear,2013-05-01 18:00:00,2013-05-10 20:00:00,10,110
2013-05,BTC_USD,2h,distribution,2013-05-10 20:00:00,2013-05-31 22:00:00,22,254
2013-06,BTC_USD,2h,distribution,2013-06-01 00:00:00,2013-06-30 22:00:00,30,360
2013-07,BTC_USD,2h,distribution,2013-07-01 00:00:00,2013-07-01 20:00:00,1,11
2013-07,BTC_USD,2h,bear,2013-07-01 20:00:00,2013-07-01 22:00:00,1,2
2013-07,BTC_USD,2h,distribution,2013-07-01 22:00:00,2013-07-03 20:00:00,3,24
2013-07,BTC_USD,2h,bear,2013-07-03 20:00:00,2013-07-04 18:00:00,2,12
2013-07,BTC_USD,2h,distribution,2013-07-04 18:00:00,2013-07-05 00:00:00,2,4
2013-07,BTC_USD,2h,bear,2013-07-05 00:00:00,2013-07-07 22:00:00,3,36
2013-07,BTC_USD,2h,distribution,2013-07-07 22:00:00,2013-07-08 12:00:00,2,8
2013-07,BTC_USD,2h,bear,2013-07-08 12:00:00,2013-07-08 14:00:00,1,2
2013-07,BTC_USD,2h,distribution,2013-07-08 14:00:00,2013-07-31 22:00:00,24,281
2013-08,BTC_USD,2h,distribution,2013-08-01 00:00:00,2013-08-31 22:00:00,31,372
2013-09,BTC_USD,2h,distribution,2013-09-01 00:00:00,2013-09-30 22:00:00,30,360
2013-10,BTC_USD,2h,distribution,2013-10-01 00:00:00,2013-10-19 14:00:00,19,224
2013-10,BTC_USD,2h,accumulation,2013-10-19 14:00:00,2013-10-24 06:00:00,6,57
2013-10,BTC_USD,2h,distribution,2013-10-24 06:00:00,2013-10-24 10:00:00,1,3
2013-10,BTC_USD,2h,expansion,2013-10-24 10:00:00,2013-10-25 04:00:00,2,10
2013-10,BTC_USD,2h,distribution,2013-10-25 04:00:00,2013-10-31 22:00:00,7,82
2013-11,BTC_USD,2h,distribution,2013-11-01 00:00:00,2013-11-05 20:00:00,5,59
2013-11,BTC_USD,2h,accumulation,2013-11-05 20:00:00,2013-11-10 00:00:00,6,51
2013-11,BTC_USD,2h,distribution,2013-11-10 00:00:00,2013-11-10 22:00:00,1,12
2013-11,BTC_USD,2h,expansion,2013-11-10 22:00:00,2013-11-11 00:00:00,2,2
2013-11,BTC_USD,2h,distribution,2013-11-11 00:00:00,2013-11-11 04:00:00,1,3
2013-11,BTC_USD,2h,expansion,2013-11-11 04:00:00,2013-11-13 02:00:00,3,24
2013-11,BTC_USD,2h,accumulation,2013-11-13 02:00:00,2013-11-18 20:00:00,6,70
2013-11,BTC_USD,2h,expansion,2013-11-18 20:00:00,2013-11-19 10:00:00,2,8
2013-11,BTC_USD,2h,distribution,2013-11-19 10:00:00,2013-11-19 14:00:00,1,3
2013-11,BTC_USD,2h,euphoria,2013-11-19 14:00:00,2013-11-19 22:00:00,1,5
2013-11,BTC_USD,2h,distribution,2013-11-19 22:00:00,2013-11-21 04:00:00,3,16
2013-11,BTC_USD,2h,expansion,2013-11-21 04:00:00,2013-11-23 04:00:00,3,25
2013-11,BTC_USD,2h,accumulation,2013-11-23 04:00:00,2013-11-24 08:00:00,2,15
2013-11,BTC_USD,2h,distribution,2013-11-24 08:00:00,2013-11-24 10:00:00,1,2
2013-11,BTC_USD,2h,accumulation,2013-11-24 10:00:00,2013-11-25 20:00:00,2,18
2013-11,BTC_USD,2h,distribution,2013-11-25 20:00:00,2013-11-25 22:00:00,1,2
2013-11,BTC_USD,2h,accumulation,2013-11-25 22:00:00,2013-11-30 22:00:00,6,61
2013-12,BTC_USD,2h,accumulation,2013-12-01 00:00:00,2013-12-01 04:00:00,1,3
2013-12,BTC_USD,2h,distribution,2013-12-01 04:00:00,2013-12-01 06:00:00,1,2
2013-12,BTC_USD,2h,accumulation,2013-12-01 06:00:00,2013-12-01 10:00:00,1,3
2013-12,BTC_USD,2h,distribution,2013-12-01 10:00:00,2013-12-07 00:00:00,7,68
2013-12,BTC_USD,2h,bear,2013-12-07 00:00:00,2013-12-07 10:00:00,1,6
2013-12,BTC_USD,2h,distribution,2013-12-07 10:00:00,2013-12-07 14:00:00,1,3
2013-12,BTC_USD,2h,bear,2013-12-07 14:00:00,2013-12-08 08:00:00,2,10
2013-12,BTC_USD,2h,distribution,2013-12-08 08:00:00,2013-12-08 12:00:00,1,3
2013-12,BTC_USD,2h,bear,2013-12-08 12:00:00,2013-12-08 20:00:00,1,5
2013-12,BTC_USD,2h,distribution,2013-12-08 20:00:00,2013-12-16 16:00:00,9,95
2013-12,BTC_USD,2h,bear,2013-12-16 16:00:00,2013-12-26 04:00:00,11,115
2013-12,BTC_USD,2h,distribution,2013-12-26 04:00:00,2013-12-31 22:00:00,6,70
2014-01,BTC_USD,2h,distribution,2014-01-01 00:00:00,2014-01-06 02:00:00,6,62
2014-01,BTC_USD,2h,accumulation,2014-01-06 02:00:00,2014-01-06 14:00:00,1,7
2014-01,BTC_USD,2h,distribution,2014-01-06 14:00:00,2014-01-06 16:00:00,1,2
2014-01,BTC_USD,2h,accumulation,2014-01-06 16:00:00,2014-01-07 12:00:00,2,11
2014-01,BTC_USD,2h,distribution,2014-01-07 12:00:00,2014-01-31 22:00:00,25,294
2014-02,BTC_USD,2h,distribution,2014-02-01 00:00:00,2014-02-24 20:00:00,24,287
2014-02,BTC_USD,2h,bear,2014-02-24 20:00:00,2014-02-26 00:00:00,3,15
2014-02,BTC_USD,2h,distribution,2014-02-26 00:00:00,2014-02-28 22:00:00,3,36
2014-03,BTC_USD,2h,distribution,2014-03-01 00:00:00,2014-03-30 12:00:00,30,355
2014-03,BTC_USD,2h,bear,2014-03-30 12:00:00,2014-03-30 20:00:00,1,5
2014-03,BTC_USD,2h,distribution,2014-03-30 20:00:00,2014-03-30 22:00:00,1,2
2014-03,BTC_USD,2h,bear,2014-03-30 22:00:00,2014-03-31 00:00:00,2,2
2014-03,BTC_USD,2h,distribution,2014-03-31 00:00:00,2014-03-31 04:00:00,1,3
2014-03,BTC_USD,2h,bear,2014-03-31 04:00:00,2014-03-31 12:00:00,1,5
2014-03,BTC_USD,2h,distribution,2014-03-31 12:00:00,2014-03-31 16:00:00,1,3
2014-03,BTC_USD,2h,bear,2014-03-31 16:00:00,2014-03-31 22:00:00,1,4
2014-04,BTC_USD,2h,bear,2014-04-01 00:00:00,2014-04-01 02:00:00,1,2
2014-04,BTC_USD,2h,distribution,2014-04-01 02:00:00,2014-04-01 04:00:00,1,2
2014-04,BTC_USD,2h,bear,2014-04-01 04:00:00,2014-04-01 06:00:00,1,2
2014-04,BTC_USD,2h,distribution,2014-04-01 06:00:00,2014-04-02 14:00:00,2,17
2014-04,BTC_USD,2h,bear,2014-04-02 14:00:00,2014-04-03 22:00:00,2,17
2014-04,BTC_USD,2h,distribution,2014-04-03 22:00:00,2014-04-04 02:00:00,2,3
2014-04,BTC_USD,2h,bear,2014-04-04 02:00:00,2014-04-04 06:00:00,1,3
2014-04,BTC_USD,2h,distribution,2014-04-04 06:00:00,2014-04-10 04:00:00,7,72
2014-04,BTC_USD,2h,bear,2014-04-10 04:00:00,2014-04-11 10:00:00,2,16
2014-04,BTC_USD,2h,distribution,2014-04-11 10:00:00,2014-04-11 14:00:00,1,3
2014-04,BTC_USD,2h,bear,2014-04-11 14:00:00,2014-04-11 16:00:00,1,2
2014-04,BTC_USD,2h,distribution,2014-04-11 16:00:00,2014-04-11 20:00:00,1,3
2014-04,BTC_USD,2h,bear,2014-04-11 20:00:00,2014-04-11 22:00:00,1,2
2014-04,BTC_USD,2h,distribution,2014-04-11 22:00:00,2014-04-12 12:00:00,2,8
2014-04,BTC_USD,2h,bear,2014-04-12 12:00:00,2014-04-12 14:00:00,1,2
2014-04,BTC_USD,2h,distribution,2014-04-12 14:00:00,2014-04-13 12:00:00,2,12
2014-04,BTC_USD,2h,bear,2014-04-13 12:00:00,2014-04-13 22:00:00,1,6
2014-04,BTC_USD,2h,distribution,2014-04-13 22:00:00,2014-04-14 00:00:00,2,2
2014-04,BTC_USD,2h,bear,2014-04-14 00:00:00,2014-04-14 04:00:00,1,3
2014-04,BTC_USD,2h,distribution,2014-04-14 04:00:00,2014-04-30 22:00:00,17,202
2014-05,BTC_USD,2h,distribution,2014-05-01 00:00:00,2014-05-31 22:00:00,31,372
2014-06,BTC_USD,2h,distribution,2014-06-01 00:00:00,2014-06-30 22:00:00,30,360
2014-07,BTC_USD,2h,distribution,2014-07-01 00:00:00,2014-07-31 22:00:00,31,372
2014-08,BTC_USD,2h,distribution,2014-08-01 00:00:00,2014-08-31 22:00:00,31,372
2014-09,BTC_USD,2h,distribution,2014-09-01 00:00:00,2014-09-30 22:00:00,30,360
2014-10,BTC_USD,2h,distribution,2014-10-01 00:00:00,2014-10-05 08:00:00,5,53
2014-10,BTC_USD,2h,bear,2014-10-05 08:00:00,2014-10-05 18:00:00,1,6
2014-10,BTC_USD,2h,distribution,2014-10-05 18:00:00,2014-10-05 20:00:00,1,2
2014-10,BTC_USD,2h,bear,2014-10-05 20:00:00,2014-10-05 22:00:00,1,2
2014-10,BTC_USD,2h,distribution,2014-10-05 22:00:00,2014-10-06 00:00:00,2,2
2014-10,BTC_USD,2h,bear,2014-10-06 00:00:00,2014-10-06 08:00:00,1,5
2014-10,BTC_USD,2h,distribution,2014-10-06 08:00:00,2014-10-31 22:00:00,26,308
2014-11,BTC_USD,2h,distribution,2014-11-01 00:00:00,2014-11-13 04:00:00,13,147
2014-11,BTC_USD,2h,accumulation,2014-11-13 04:00:00,2014-11-13 20:00:00,1,9
2014-11,BTC_USD,2h,distribution,2014-11-13 20:00:00,2014-11-30 22:00:00,18,206
2014-12,BTC_USD,2h,distribution,2014-12-01 00:00:00,2014-12-31 22:00:00,31,372
2015-01,BTC_USD,2h,distribution,2015-01-01 00:00:00,2015-01-13 10:00:00,13,150
2015-01,BTC_USD,2h,bear,2015-01-13 10:00:00,2015-01-13 12:00:00,1,2
2015-01,BTC_USD,2h,distribution,2015-01-13 12:00:00,2015-01-13 16:00:00,1,3
2015-01,BTC_USD,2h,bear,2015-01-13 16:00:00,2015-01-13 18:00:00,1,2
2015-01,BTC_USD,2h,distribution,2015-01-13 18:00:00,2015-01-13 22:00:00,1,3
2015-01,BTC_USD,2h,bear,2015-01-13 22:00:00,2015-01-15 12:00:00,3,20
2015-01,BTC_USD,2h,distribution,2015-01-15 12:00:00,2015-01-15 14:00:00,1,2
2015-01,BTC_USD,2h,bear,2015-01-15 14:00:00,2015-01-16 02:00:00,2,7
2015-01,BTC_USD,2h,distribution,2015-01-16 02:00:00,2015-01-16 04:00:00,1,2
2015-01,BTC_USD,2h,bear,2015-01-16 04:00:00,2015-01-21 20:00:00,6,69
2015-01,BTC_USD,2h,distribution,2015-01-21 20:00:00,2015-01-26 06:00:00,6,54
2015-01,BTC_USD,2h,accumulation,2015-01-26 06:00:00,2015-01-26 14:00:00,1,5
2015-01,BTC_USD,2h,distribution,2015-01-26 14:00:00,2015-01-31 22:00:00,6,65
2015-02,BTC_USD,2h,distribution,2015-02-01 00:00:00,2015-02-28 22:00:00,28,336
2015-03,BTC_USD,2h,distribution,2015-03-01 00:00:00,2015-03-31 22:00:00,31,372
2015-04,BTC_USD,2h,distribution,2015-04-01 00:00:00,2015-04-30 22:00:00,30,360
2015-05,BTC_USD,2h,distribution,2015-05-01 00:00:00,2015-05-31 22:00:00,31,372
2015-06,BTC_USD,2h,distribution,2015-06-01 00:00:00,2015-06-30 22:00:00,30,360
2015-07,BTC_USD,2h,distribution,2015-07-01 00:00:00,2015-07-31 22:00:00,31,372
2015-08,BTC_USD,2h,distribution,2015-08-01 00:00:00,2015-08-31 22:00:00,31,372
2015-09,BTC_USD,2h,distribution,2015-09-01 00:00:00,2015-09-30 22:00:00,30,360
2015-10,BTC_USD,2h,distribution,2015-10-01 00:00:00,2015-10-31 22:00:00,31,372
2015-11,BTC_USD,2h,distribution,2015-11-01 00:00:00,2015-11-03 10:00:00,3,30
2015-11,BTC_USD,2h,accumulation,2015-11-03 10:00:00,2015-11-04 20:00:00,2,18
2015-11,BTC_USD,2h,distribution,2015-11-04 20:00:00,2015-11-11 02:00:00,8,76
2015-11,BTC_USD,2h,bear,2015-11-11 02:00:00,2015-11-11 08:00:00,1,4
2015-11,BTC_USD,2h,distribution,2015-11-11 08:00:00,2015-11-11 10:00:00,1,2
2015-11,BTC_USD,2h,bear,2015-11-11 10:00:00,2015-11-11 12:00:00,1,2
2015-11,BTC_USD,2h,distribution,2015-11-11 12:00:00,2015-11-11 14:00:00,1,2
2015-11,BTC_USD,2h,bear,2015-11-11 14:00:00,2015-11-12 04:00:00,2,8
2015-11,BTC_USD,2h,distribution,2015-11-12 04:00:00,2015-11-16 00:00:00,5,47
2015-11,BTC_USD,2h,bear,2015-11-16 00:00:00,2015-11-16 04:00:00,1,3
2015-11,BTC_USD,2h,distribution,2015-11-16 04:00:00,2015-11-16 08:00:00,1,3
2015-11,BTC_USD,2h,bear,2015-11-16 08:00:00,2015-11-16 14:00:00,1,4
2015-11,BTC_USD,2h,distribution,2015-11-16 14:00:00,2015-11-20 00:00:00,5,42
2015-11,BTC_USD,2h,bear,2015-11-20 00:00:00,2015-11-20 08:00:00,1,5
2015-11,BTC_USD,2h,distribution,2015-11-20 08:00:00,2015-11-25 00:00:00,6,57
2015-11,BTC_USD,2h,bear,2015-11-25 00:00:00,2015-11-25 10:00:00,1,6
2015-11,BTC_USD,2h,distribution,2015-11-25 10:00:00,2015-11-30 22:00:00,6,67
2015-12,BTC_USD,2h,distribution,2015-12-01 00:00:00,2015-12-31 22:00:00,31,372
2016-01,BTC_USD,2h,distribution,2016-01-01 00:00:00,2016-01-31 22:00:00,31,372
2016-02,BTC_USD,2h,distribution,2016-02-01 00:00:00,2016-02-29 22:00:00,29,348
2016-03,BTC_USD,2h,distribution,2016-03-01 00:00:00,2016-03-31 22:00:00,31,372
2016-04,BTC_USD,2h,distribution,2016-04-01 00:00:00,2016-04-30 22:00:00,30,360
2016-05,BTC_USD,2h,distribution,2016-05-01 00:00:00,2016-05-31 22:00:00,31,372
2016-06,BTC_USD,2h,distribution,2016-06-01 00:00:00,2016-06-13 16:00:00,13,153
2016-06,BTC_USD,2h,accumulation,2016-06-13 16:00:00,2016-06-14 14:00:00,2,12
2016-06,BTC_USD,2h,distribution,2016-06-14 14:00:00,2016-06-16 20:00:00,3,28
2016-06,BTC_USD,2h,accumulation,2016-06-16 20:00:00,2016-06-17 10:00:00,2,8
2016-06,BTC_USD,2h,distribution,2016-06-17 10:00:00,2016-06-30 22:00:00,14,163
2016-07,BTC_USD,2h,distribution,2016-07-01 00:00:00,2016-07-31 22:00:00,31,372
2016-08,BTC_USD,2h,distribution,2016-08-01 00:00:00,2016-08-31 22:00:00,31,372
2016-09,BTC_USD,2h,distribution,2016-09-01 00:00:00,2016-09-30 22:00:00,30,360
2016-10,BTC_USD,2h,distribution,2016-10-01 00:00:00,2016-10-31 22:00:00,31,372
2016-11,BTC_USD,2h,distribution,2016-11-01 00:00:00,2016-11-30 22:00:00,30,360
2016-12,BTC_USD,2h,distribution,2016-12-01 00:00:00,2016-12-31 22:00:00,31,372
2017-01,BTC_USD,2h,distribution,2017-01-01 00:00:00,2017-01-31 22:00:00,31,372
2017-02,BTC_USD,2h,distribution,2017-02-01 00:00:00,2017-02-28 22:00:00,28,336
2017-03,BTC_USD,2h,distribution,2017-03-01 00:00:00,2017-03-31 22:00:00,31,372
2017-04,BTC_USD,2h,distribution,2017-04-01 00:00:00,2017-04-30 22:00:00,30,360
2017-05,BTC_USD,2h,distribution,2017-05-01 00:00:00,2017-05-11 14:00:00,11,128
2017-05,BTC_USD,2h,accumulation,2017-05-11 14:00:00,2017-05-11 22:00:00,1,5
2017-05,BTC_USD,2h,distribution,2017-05-11 22:00:00,2017-05-24 00:00:00,14,146
2017-05,BTC_USD,2h,accumulation,2017-05-24 00:00:00,2017-05-25 16:00:00,2,21
2017-05,BTC_USD,2h,distribution,2017-05-25 16:00:00,2017-05-25 20:00:00,1,3
2017-05,BTC_USD,2h,accumulation,2017-05-25 20:00:00,2017-05-25 22:00:00,1,2
2017-05,BTC_USD,2h,distribution,2017-05-25 22:00:00,2017-05-26 04:00:00,2,4
2017-05,BTC_USD,2h,expansion,2017-05-26 04:00:00,2017-05-26 12:00:00,1,5
2017-05,BTC_USD,2h,distribution,2017-05-26 12:00:00,2017-05-31 22:00:00,6,66
2017-06,BTC_USD,2h,distribution,2017-06-01 00:00:00,2017-06-30 22:00:00,30,360
2017-07,BTC_USD,2h,distribution,2017-07-01 00:00:00,2017-07-21 06:00:00,21,244
2017-07,BTC_USD,2h,accumulation,2017-07-21 06:00:00,2017-07-23 10:00:00,3,27
2017-07,BTC_USD,2h,distribution,2017-07-23 10:00:00,2017-07-31 22:00:00,9,103
2017-08,BTC_USD,2h,distribution,2017-08-01 00:00:00,2017-08-08 06:00:00,8,88
2017-08,BTC_USD,2h,accumulation,2017-08-08 06:00:00,2017-08-08 12:00:00,1,4
2017-08,BTC_USD,2h,distribution,2017-08-08 12:00:00,2017-08-13 00:00:00,6,55
2017-08,BTC_USD,2h,accumulation,2017-08-13 00:00:00,2017-08-15 20:00:00,3,35
2017-08,BTC_USD,2h,distribution,2017-08-15 20:00:00,2017-08-31 22:00:00,17,194
2017-09,BTC_USD,2h,distribution,2017-09-01 00:00:00,2017-09-15 06:00:00,15,172
2017-09,BTC_USD,2h,bear,2017-09-15 06:00:00,2017-09-15 12:00:00,1,4
2017-09,BTC_USD,2h,distribution,2017-09-15 12:00:00,2017-09-30 22:00:00,16,186
2017-10,BTC_USD,2h,distribution,2017-10-01 00:00:00,2017-10-13 06:00:00,13,148
2017-10,BTC_USD,2h,accumulation,2017-10-13 06:00:00,2017-10-15 12:00:00,3,28
2017-10,BTC_USD,2h,distribution,2017-10-15 12:00:00,2017-10-31 22:00:00,17,198
2017-11,BTC_USD,2h,distribution,2017-11-01 00:00:00,2017-11-03 08:00:00,3,29
2017-11,BTC_USD,2h,accumulation,2017-11-03 08:00:00,2017-11-04 00:00:00,2,9
2017-11,BTC_USD,2h,distribution,2017-11-04 00:00:00,2017-11-28 04:00:00,25,291
2017-11,BTC_USD,2h,accumulation,2017-11-28 04:00:00,2017-11-29 18:00:00,2,20
2017-11,BTC_USD,2h,distribution,2017-11-29 18:00:00,2017-11-29 20:00:00,1,2
2017-11,BTC_USD,2h,expansion,2017-11-29 20:00:00,2017-11-29 22:00:00,1,2
2017-11,BTC_USD,2h,distribution,2017-11-29 22:00:00,2017-11-30 00:00:00,2,2
2017-11,BTC_USD,2h,expansion,2017-11-30 00:00:00,2017-11-30 10:00:00,1,6
2017-11,BTC_USD,2h,distribution,2017-11-30 10:00:00,2017-11-30 22:00:00,1,7
2017-12,BTC_USD,2h,distribution,2017-12-01 00:00:00,2017-12-03 14:00:00,3,32
2017-12,BTC_USD,2h,accumulation,2017-12-03 14:00:00,2017-12-04 04:00:00,2,8
2017-12,BTC_USD,2h,distribution,2017-12-04 04:00:00,2017-12-04 06:00:00,1,2
2017-12,BTC_USD,2h,accumulation,2017-12-04 06:00:00,2017-12-04 08:00:00,1,2
2017-12,BTC_USD,2h,distribution,2017-12-04 08:00:00,2017-12-06 12:00:00,3,27
2017-12,BTC_USD,2h,accumulation,2017-12-06 12:00:00,2017-12-08 04:00:00,3,21
2017-12,BTC_USD,2h,expansion,2017-12-08 04:00:00,2017-12-08 10:00:00,1,4
2017-12,BTC_USD,2h,distribution,2017-12-08 10:00:00,2017-12-08 12:00:00,1,2
2017-12,BTC_USD,2h,expansion,2017-12-08 12:00:00,2017-12-08 16:00:00,1,3
2017-12,BTC_USD,2h,distribution,2017-12-08 16:00:00,2017-12-08 18:00:00,1,2
2017-12,BTC_USD,2h,expansion,2017-12-08 18:00:00,2017-12-09 10:00:00,2,9
2017-12,BTC_USD,2h,distribution,2017-12-09 10:00:00,2017-12-09 12:00:00,1,2
2017-12,BTC_USD,2h,expansion,2017-12-09 12:00:00,2017-12-09 14:00:00,1,2
2017-12,BTC_USD,2h,distribution,2017-12-09 14:00:00,2017-12-11 06:00:00,3,21
2017-12,BTC_USD,2h,expansion,2017-12-11 06:00:00,2017-12-13 00:00:00,3,22
2017-12,BTC_USD,2h,accumulation,2017-12-13 00:00:00,2017-12-14 00:00:00,2,13
2017-12,BTC_USD,2h,distribution,2017-12-14 00:00:00,2017-12-16 16:00:00,3,33
2017-12,BTC_USD,2h,accumulation,2017-12-16 16:00:00,2017-12-18 08:00:00,3,21
2017-12,BTC_USD,2h,distribution,2017-12-18 08:00:00,2017-12-22 12:00:00,5,51
2017-12,BTC_USD,2h,bear,2017-12-22 12:00:00,2017-12-22 14:00:00,1,2
2017-12,BTC_USD,2h,distribution,2017-12-22 14:00:00,2017-12-30 14:00:00,9,97
2017-12,BTC_USD,2h,bear,2017-12-30 14:00:00,2017-12-30 16:00:00,1,2
2017-12,BTC_USD,2h,distribution,2017-12-30 16:00:00,2017-12-30 22:00:00,1,4
2017-12,BTC_USD,2h,bear,2017-12-30 22:00:00,2017-12-31 00:00:00,2,2
2017-12,BTC_USD,2h,distribution,2017-12-31 00:00:00,2017-12-31 08:00:00,1,5
2017-12,BTC_USD,2h,bear,2017-12-31 08:00:00,2017-12-31 10:00:00,1,2
2017-12,BTC_USD,2h,distribution,2017-12-31 10:00:00,2017-12-31 22:00:00,1,7
2018-01,BTC_USD,2h,distribution,2018-01-01 00:00:00,2018-01-16 06:00:00,16,184
2018-01,BTC_USD,2h,bear,2018-01-16 06:00:00,2018-01-19 08:00:00,4,38
2018-01,BTC_USD,2h,distribution,2018-01-19 08:00:00,2018-01-19 16:00:00,1,5
2018-01,BTC_USD,2h,bear,2018-01-19 16:00:00,2018-01-19 20:00:00,1,3
2018-01,BTC_USD,2h,distribution,2018-01-19 20:00:00,2018-01-22 12:00:00,4,33
2018-01,BTC_USD,2h,bear,2018-01-22 12:00:00,2018-01-23 16:00:00,2,15
2018-01,BTC_USD,2h,distribution,2018-01-23 16:00:00,2018-01-23 18:00:00,1,2
2018-01,BTC_USD,2h,bear,2018-01-23 18:00:00,2018-01-24 12:00:00,2,10
2018-01,BTC_USD,2h,distribution,2018-01-24 12:00:00,2018-01-24 14:00:00,1,2
2018-01,BTC_USD,2h,bear,2018-01-24 14:00:00,2018-01-24 18:00:00,1,3
2018-01,BTC_USD,2h,distribution,2018-01-24 18:00:00,2018-01-25 14:00:00,2,11
2018-01,BTC_USD,2h,bear,2018-01-25 14:00:00,2018-01-25 18:00:00,1,3
2018-01,BTC_USD,2h,distribution,2018-01-25 18:00:00,2018-01-26 06:00:00,2,7
2018-01,BTC_USD,2h,bear,2018-01-26 06:00:00,2018-01-26 16:00:00,1,6
2018-01,BTC_USD,2h,distribution,2018-01-26 16:00:00,2018-01-26 18:00:00,1,2
2018-01,BTC_USD,2h,bear,2018-01-26 18:00:00,2018-01-27 04:00:00,2,6
2018-01,BTC_USD,2h,distribution,2018-01-27 04:00:00,2018-01-27 10:00:00,1,4
2018-01,BTC_USD,2h,bear,2018-01-27 10:00:00,2018-01-27 14:00:00,1,3
2018-01,BTC_USD,2h,distribution,2018-01-27 14:00:00,2018-01-29 10:00:00,3,23
2018-01,BTC_USD,2h,bear,2018-01-29 10:00:00,2018-01-29 12:00:00,1,2
2018-01,BTC_USD,2h,distribution,2018-01-29 12:00:00,2018-01-29 18:00:00,1,4
2018-01,BTC_USD,2h,bear,2018-01-29 18:00:00,2018-01-29 20:00:00,1,2
2018-01,BTC_USD,2h,distribution,2018-01-29 20:00:00,2018-01-30 00:00:00,2,3
2018-01,BTC_USD,2h,bear,2018-01-30 00:00:00,2018-01-31 22:00:00,2,24
2018-02,BTC_USD,2h,bear,2018-02-01 00:00:00,2018-02-10 06:00:00,10,112
2018-02,BTC_USD,2h,distribution,2018-02-10 06:00:00,2018-02-11 00:00:00,2,10
2018-02,BTC_USD,2h,bear,2018-02-11 00:00:00,2018-02-12 14:00:00,2,20
2018-02,BTC_USD,2h,distribution,2018-02-12 14:00:00,2018-02-20 18:00:00,9,99
2018-02,BTC_USD,2h,accumulation,2018-02-20 18:00:00,2018-02-20 22:00:00,1,3
2018-02,BTC_USD,2h,distribution,2018-02-20 22:00:00,2018-02-28 22:00:00,9,97
2018-03,BTC_USD,2h,distribution,2018-03-01 00:00:00,2018-03-18 14:00:00,18,212
2018-03,BTC_USD,2h,bear,2018-03-18 14:00:00,2018-03-18 20:00:00,1,4
2018-03,BTC_USD,2h,distribution,2018-03-18 20:00:00,2018-03-29 04:00:00,12,125
2018-03,BTC_USD,2h,bear,2018-03-29 04:00:00,2018-03-31 22:00:00,3,34
2018-04,BTC_USD,2h,bear,2018-04-01 00:00:00,2018-04-07 00:00:00,7,73
2018-04,BTC_USD,2h,distribution,2018-04-07 00:00:00,2018-04-30 22:00:00,24,288
2018-05,BTC_USD,2h,distribution,2018-05-01 00:00:00,2018-05-31 22:00:00,31,372
2018-06,BTC_USD,2h,distribution,2018-06-01 00:00:00,2018-06-30 22:00:00,30,360
2018-07,BTC_USD,2h,distribution,2018-07-01 00:00:00,2018-07-31 22:00:00,31,372
2018-08,BTC_USD,2h,distribution,2018-08-01 00:00:00,2018-08-31 22:00:00,31,372
2018-09,BTC_USD,2h,distribution,2018-09-01 00:00:00,2018-09-30 22:00:00,30,360
2018-10,BTC_USD,2h,distribution,2018-10-01 00:00:00,2018-10-31 22:00:00,31,372
2018-11,BTC_USD,2h,distribution,2018-11-01 00:00:00,2018-11-23 00:00:00,23,265
2018-11,BTC_USD,2h,bear,2018-11-23 00:00:00,2018-11-23 08:00:00,1,5
2018-11,BTC_USD,2h,distribution,2018-11-23 08:00:00,2018-11-23 16:00:00,1,5
2018-11,BTC_USD,2h,bear,2018-11-23 16:00:00,2018-11-23 20:00:00,1,3
2018-11,BTC_USD,2h,distribution,2018-11-23 20:00:00,2018-11-24 14:00:00,2,10
2018-11,BTC_USD,2h,bear,2018-11-24 14:00:00,2018-11-28 18:00:00,5,51
2018-11,BTC_USD,2h,distribution,2018-11-28 18:00:00,2018-11-28 20:00:00,1,2
2018-11,BTC_USD,2h,bear,2018-11-28 20:00:00,2018-11-29 08:00:00,2,7
2018-11,BTC_USD,2h,distribution,2018-11-29 08:00:00,2018-11-29 14:00:00,1,4
2018-11,BTC_USD,2h,bear,2018-11-29 14:00:00,2018-11-29 16:00:00,1,2
2018-11,BTC_USD,2h,distribution,2018-11-29 16:00:00,2018-11-29 18:00:00,1,2
2018-11,BTC_USD,2h,bear,2018-11-29 18:00:00,2018-11-29 22:00:00,1,3
2018-11,BTC_USD,2h,distribution,2018-11-29 22:00:00,2018-11-30 00:00:00,2,2
2018-11,BTC_USD,2h,bear,2018-11-30 00:00:00,2018-11-30 02:00:00,1,2
2018-11,BTC_USD,2h,distribution,2018-11-30 02:00:00,2018-11-30 06:00:00,1,3
2018-11,BTC_USD,2h,bear,2018-11-30 06:00:00,2018-11-30 22:00:00,1,9
2018-12,BTC_USD,2h,bear,2018-12-01 00:00:00,2018-12-18 02:00:00,18,206
2018-12,BTC_USD,2h,distribution,2018-12-18 02:00:00,2018-12-31 22:00:00,14,167
2019-01,BTC_USD,2h,distribution,2019-01-01 00:00:00,2019-01-31 22:00:00,31,372
2019-02,BTC_USD,2h,distribution,2019-02-01 00:00:00,2019-02-28 22:00:00,28,336
2019-03,BTC_USD,2h,distribution,2019-03-01 00:00:00,2019-03-31 22:00:00,31,372
2019-04,BTC_USD,2h,distribution,2019-04-01 00:00:00,2019-04-03 04:00:00,3,27
2019-04,BTC_USD,2h,accumulation,2019-04-03 04:00:00,2019-04-04 22:00:00,2,22
2019-04,BTC_USD,2h,distribution,2019-04-04 22:00:00,2019-04-30 22:00:00,27,313
2019-05,BTC_USD,2h,distribution,2019-05-01 00:00:00,2019-05-11 22:00:00,11,132
2019-05,BTC_USD,2h,accumulation,2019-05-11 22:00:00,2019-05-16 18:00:00,6,59
2019-05,BTC_USD,2h,distribution,2019-05-16 18:00:00,2019-05-31 22:00:00,16,183
2019-06,BTC_USD,2h,distribution,2019-06-01 00:00:00,2019-06-22 14:00:00,22,260
2019-06,BTC_USD,2h,accumulation,2019-06-22 14:00:00,2019-06-23 08:00:00,2,10
2019-06,BTC_USD,2h,distribution,2019-06-23 08:00:00,2019-06-26 02:00:00,4,34
2019-06,BTC_USD,2h,accumulation,2019-06-26 02:00:00,2019-06-27 06:00:00,2,15
2019-06,BTC_USD,2h,distribution,2019-06-27 06:00:00,2019-06-30 22:00:00,4,45
2019-07,BTC_USD,2h,distribution,2019-07-01 00:00:00,2019-07-31 22:00:00,31,372
2019-08,BTC_USD,2h,distribution,2019-08-01 00:00:00,2019-08-31 22:00:00,31,372
2019-09,BTC_USD,2h,distribution,2019-09-01 00:00:00,2019-09-30 22:00:00,30,360
2019-10,BTC_USD,2h,distribution,2019-10-01 00:00:00,2019-10-31 22:00:00,31,372
2019-11,BTC_USD,2h,distribution,2019-11-01 00:00:00,2019-11-25 04:00:00,25,291
2019-11,BTC_USD,2h,bear,2019-11-25 04:00:00,2019-11-25 06:00:00,1,2
2019-11,BTC_USD,2h,distribution,2019-11-25 06:00:00,2019-11-30 22:00:00,6,69
2019-12,BTC_USD,2h,distribution,2019-12-01 00:00:00,2019-12-31 22:00:00,31,372
2020-01,BTC_USD,2h,distribution,2020-01-01 00:00:00,2020-01-31 22:00:00,31,372
2020-02,BTC_USD,2h,distribution,2020-02-01 00:00:00,2020-02-29 22:00:00,29,348
2020-03,BTC_USD,2h,distribution,2020-03-01 00:00:00,2020-03-12 10:00:00,12,138
2020-03,BTC_USD,2h,bear,2020-03-12 10:00:00,2020-03-20 08:00:00,9,96
2020-03,BTC_USD,2h,distribution,2020-03-20 08:00:00,2020-03-23 08:00:00,4,37
2020-03,BTC_USD,2h,bear,2020-03-23 08:00:00,2020-03-23 14:00:00,1,4
2020-03,BTC_USD,2h,distribution,2020-03-23 14:00:00,2020-03-29 18:00:00,7,75
2020-03,BTC_USD,2h,bear,2020-03-29 18:00:00,2020-03-30 02:00:00,2,5
2020-03,BTC_USD,2h,distribution,2020-03-30 02:00:00,2020-03-31 22:00:00,2,23
2020-04,BTC_USD,2h,distribution,2020-04-01 00:00:00,2020-04-30 22:00:00,30,360
2020-05,BTC_USD,2h,distribution,2020-05-01 00:00:00,2020-05-31 22:00:00,31,372
2020-06,BTC_USD,2h,distribution,2020-06-01 00:00:00,2020-06-30 22:00:00,30,360
2020-07,BTC_USD,2h,distribution,2020-07-01 00:00:00,2020-07-31 22:00:00,31,372
2020-08,BTC_USD,2h,distribution,2020-08-01 00:00:00,2020-08-31 22:00:00,31,372
2020-09,BTC_USD,2h,distribution,2020-09-01 00:00:00,2020-09-30 22:00:00,30,360
2020-10,BTC_USD,2h,distribution,2020-10-01 00:00:00,2020-10-31 22:00:00,31,372
2020-11,BTC_USD,2h,distribution,2020-11-01 00:00:00,2020-11-30 22:00:00,30,360
2020-12,BTC_USD,2h,distribution,2020-12-01 00:00:00,2020-12-17 22:00:00,17,204
2020-12,BTC_USD,2h,accumulation,2020-12-17 22:00:00,2020-12-18 20:00:00,2,12
2020-12,BTC_USD,2h,distribution,2020-12-18 20:00:00,2020-12-31 22:00:00,14,158
2021-01,BTC_USD,2h,distribution,2021-01-01 00:00:00,2021-01-03 02:00:00,3,26
2021-01,BTC_USD,2h,accumulation,2021-01-03 02:00:00,2021-01-04 08:00:00,2,16
2021-01,BTC_USD,2h,distribution,2021-01-04 08:00:00,2021-01-07 00:00:00,4,33
2021-01,BTC_USD,2h,accumulation,2021-01-07 00:00:00,2021-01-10 18:00:00,4,46
2021-01,BTC_USD,2h,distribution,2021-01-10 18:00:00,2021-01-31 22:00:00,22,255
2021-02,BTC_USD,2h,distribution,2021-02-01 00:00:00,2021-02-09 02:00:00,9,98
2021-02,BTC_USD,2h,accumulation,2021-02-09 02:00:00,2021-02-11 02:00:00,3,25
2021-02,BTC_USD,2h,distribution,2021-02-11 02:00:00,2021-02-28 22:00:00,18,215
2021-03,BTC_USD,2h,distribution,2021-03-01 00:00:00,2021-03-31 22:00:00,31,372
2021-04,BTC_USD,2h,distribution,2021-04-01 00:00:00,2021-04-30 22:00:00,30,360
2021-05,BTC_USD,2h,distribution,2021-05-01 00:00:00,2021-05-19 12:00:00,19,223
2021-05,BTC_USD,2h,bear,2021-05-19 12:00:00,2021-05-19 16:00:00,1,3
2021-05,BTC_USD,2h,distribution,2021-05-19 16:00:00,2021-05-19 22:00:00,1,4
2021-05,BTC_USD,2h,bear,2021-05-19 22:00:00,2021-05-20 04:00:00,2,4
2021-05,BTC_USD,2h,distribution,2021-05-20 04:00:00,2021-05-21 14:00:00,2,18
2021-05,BTC_USD,2h,bear,2021-05-21 14:00:00,2021-05-24 18:00:00,4,39
2021-05,BTC_USD,2h,distribution,2021-05-24 18:00:00,2021-05-24 20:00:00,1,2
2021-05,BTC_USD,2h,bear,2021-05-24 20:00:00,2021-05-24 22:00:00,1,2
2021-05,BTC_USD,2h,distribution,2021-05-24 22:00:00,2021-05-25 02:00:00,2,3
2021-05,BTC_USD,2h,bear,2021-05-25 02:00:00,2021-05-25 06:00:00,1,3
2021-05,BTC_USD,2h,distribution,2021-05-25 06:00:00,2021-05-25 08:00:00,1,2
2021-05,BTC_USD,2h,bear,2021-05-25 08:00:00,2021-05-26 00:00:00,2,9
2021-05,BTC_USD,2h,distribution,2021-05-26 00:00:00,2021-05-26 18:00:00,1,10
2021-05,BTC_USD,2h,bear,2021-05-26 18:00:00,2021-05-26 20:00:00,1,2
2021-05,BTC_USD,2h,distribution,2021-05-26 20:00:00,2021-05-27 00:00:00,2,3
2021-05,BTC_USD,2h,bear,2021-05-27 00:00:00,2021-05-27 08:00:00,1,5
2021-05,BTC_USD,2h,distribution,2021-05-27 08:00:00,2021-05-27 22:00:00,1,8
2021-05,BTC_USD,2h,bear,2021-05-27 22:00:00,2021-05-31 22:00:00,5,49
2021-06,BTC_USD,2h,bear,2021-06-01 00:00:00,2021-06-02 22:00:00,2,24
2021-06,BTC_USD,2h,distribution,2021-06-02 22:00:00,2021-06-04 22:00:00,3,25
2021-06,BTC_USD,2h,bear,2021-06-04 22:00:00,2021-06-05 00:00:00,2,2
2021-06,BTC_USD,2h,distribution,2021-06-05 00:00:00,2021-06-05 08:00:00,1,5
2021-06,BTC_USD,2h,bear,2021-06-05 08:00:00,2021-06-10 10:00:00,6,62
2021-06,BTC_USD,2h,distribution,2021-06-10 10:00:00,2021-06-30 22:00:00,21,247
2021-07,BTC_USD,2h,distribution,2021-07-01 00:00:00,2021-07-31 22:00:00,31,372
2021-08,BTC_USD,2h,distribution,2021-08-01 00:00:00,2021-08-31 22:00:00,31,372
2021-09,BTC_USD,2h,distribution,2021-09-01 00:00:00,2021-09-30 22:00:00,30,360
2021-10,BTC_USD,2h,distribution,2021-10-01 00:00:00,2021-10-31 22:00:00,31,372
2021-11,BTC_USD,2h,distribution,2021-11-01 00:00:00,2021-11-30 22:00:00,30,360
2021-12,BTC_USD,2h,distribution,2021-12-01 00:00:00,2021-12-31 22:00:00,31,372
2022-01,BTC_USD,2h,distribution,2022-01-01 00:00:00,2022-01-24 10:00:00,24,282
2022-01,BTC_USD,2h,bear,2022-01-24 10:00:00,2022-01-24 14:00:00,1,3
2022-01,BTC_USD,2h,distribution,2022-01-24 14:00:00,2022-01-31 22:00:00,8,89
2022-02,BTC_USD,2h,distribution,2022-02-01 00:00:00,2022-02-28 22:00:00,28,336
2022-03,BTC_USD,2h,distribution,2022-03-01 00:00:00,2022-03-31 22:00:00,31,372
2022-04,BTC_USD,2h,distribution,2022-04-01 00:00:00,2022-04-30 22:00:00,30,360
2022-05,BTC_USD,2h,distribution,2022-05-01 00:00:00,2022-05-12 04:00:00,12,135
2022-05,BTC_USD,2h,bear,2022-05-12 04:00:00,2022-05-12 10:00:00,1,4
2022-05,BTC_USD,2h,distribution,2022-05-12 10:00:00,2022-05-31 22:00:00,20,235
2022-06,BTC_USD,2h,distribution,2022-06-01 00:00:00,2022-06-14 00:00:00,14,157
2022-06,BTC_USD,2h,bear,2022-06-14 00:00:00,2022-06-14 02:00:00,1,2
2022-06,BTC_USD,2h,distribution,2022-06-14 02:00:00,2022-06-15 06:00:00,2,15
2022-06,BTC_USD,2h,bear,2022-06-15 06:00:00,2022-06-15 10:00:00,1,3
2022-06,BTC_USD,2h,distribution,2022-06-15 10:00:00,2022-06-16 18:00:00,2,17
2022-06,BTC_USD,2h,bear,2022-06-16 18:00:00,2022-06-17 06:00:00,2,7
2022-06,BTC_USD,2h,distribution,2022-06-17 06:00:00,2022-06-17 12:00:00,1,4
2022-06,BTC_USD,2h,bear,2022-06-17 12:00:00,2022-06-21 06:00:00,5,46
2022-06,BTC_USD,2h,distribution,2022-06-21 06:00:00,2022-06-21 18:00:00,1,7
2022-06,BTC_USD,2h,bear,2022-06-21 18:00:00,2022-06-21 20:00:00,1,2
2022-06,BTC_USD,2h,distribution,2022-06-21 20:00:00,2022-06-21 22:00:00,1,2
2022-06,BTC_USD,2h,bear,2022-06-21 22:00:00,2022-06-23 18:00:00,3,23
2022-06,BTC_USD,2h,distribution,2022-06-23 18:00:00,2022-06-23 20:00:00,1,2
2022-06,BTC_USD,2h,bear,2022-06-23 20:00:00,2022-06-23 22:00:00,1,2
2022-06,BTC_USD,2h,distribution,2022-06-23 22:00:00,2022-06-24 08:00:00,2,6
2022-06,BTC_USD,2h,bear,2022-06-24 08:00:00,2022-06-24 10:00:00,1,2
2022-06,BTC_USD,2h,distribution,2022-06-24 10:00:00,2022-06-24 14:00:00,1,3
2022-06,BTC_USD,2h,bear,2022-06-24 14:00:00,2022-06-24 16:00:00,1,2
2022-06,BTC_USD,2h,distribution,2022-06-24 16:00:00,2022-06-27 14:00:00,4,36
2022-06,BTC_USD,2h,bear,2022-06-27 14:00:00,2022-06-28 08:00:00,2,10
2022-06,BTC_USD,2h,distribution,2022-06-28 08:00:00,2022-06-28 14:00:00,1,4
2022-06,BTC_USD,2h,bear,2022-06-28 14:00:00,2022-06-30 22:00:00,3,29
2022-07,BTC_USD,2h,bear,2022-07-01 00:00:00,2022-07-06 02:00:00,6,62
2022-07,BTC_USD,2h,distribution,2022-07-06 02:00:00,2022-07-31 22:00:00,26,311
2022-08,BTC_USD,2h,distribution,2022-08-01 00:00:00,2022-08-31 22:00:00,31,372
2022-09,BTC_USD,2h,distribution,2022-09-01 00:00:00,2022-09-30 22:00:00,30,360
2022-10,BTC_USD,2h,distribution,2022-10-01 00:00:00,2022-10-31 22:00:00,31,372
2022-11,BTC_USD,2h,distribution,2022-11-01 00:00:00,2022-11-30 22:00:00,30,360
2022-12,BTC_USD,2h,distribution,2022-12-01 00:00:00,2022-12-31 22:00:00,31,372
2023-01,BTC_USD,2h,distribution,2023-01-01 00:00:00,2023-01-14 22:00:00,14,168
2023-01,BTC_USD,2h,accumulation,2023-01-14 22:00:00,2023-01-15 02:00:00,2,3
2023-01,BTC_USD,2h,distribution,2023-01-15 02:00:00,2023-01-31 22:00:00,17,203
2023-02,BTC_USD,2h,distribution,2023-02-01 00:00:00,2023-02-28 22:00:00,28,336
2023-03,BTC_USD,2h,distribution,2023-03-01 00:00:00,2023-03-31 22:00:00,31,372
2023-04,BTC_USD,2h,distribution,2023-04-01 00:00:00,2023-04-30 22:00:00,30,360
2023-05,BTC_USD,2h,distribution,2023-05-01 00:00:00,2023-05-31 22:00:00,31,372
2023-06,BTC_USD,2h,distribution,2023-06-01 00:00:00,2023-06-30 22:00:00,30,360
2023-07,BTC_USD,2h,distribution,2023-07-01 00:00:00,2023-07-31 22:00:00,31,372
2023-08,BTC_USD,2h,distribution,2023-08-01 00:00:00,2023-08-31 22:00:00,31,372
2023-09,BTC_USD,2h,distribution,2023-09-01 00:00:00,2023-09-30 22:00:00,30,360
2023-10,BTC_USD,2h,distribution,2023-10-01 00:00:00,2023-10-31 22:00:00,31,372
2023-11,BTC_USD,2h,distribution,2023-11-01 00:00:00,2023-11-30 22:00:00,30,360
2023-12,BTC_USD,2h,distribution,2023-12-01 00:00:00,2023-12-31 22:00:00,31,372
2024-01,BTC_USD,2h,distribution,2024-01-01 00:00:00,2024-01-31 22:00:00,31,372
2024-02,BTC_USD,2h,distribution,2024-02-01 00:00:00,2024-02-29 22:00:00,29,348
2024-03,BTC_USD,2h,distribution,2024-03-01 00:00:00,2024-03-31 22:00:00,31,372
2024-04,BTC_USD,2h,distribution,2024-04-01 00:00:00,2024-04-30 22:00:00,30,360
2024-05,BTC_USD,2h,distribution,2024-05-01 00:00:00,2024-05-31 22:00:00,31,372
2024-06,BTC_USD,2h,distribution,2024-06-01 00:00:00,2024-06-30 22:00:00,30,360
2024-07,BTC_USD,2h,distribution,2024-07-01 00:00:00,2024-07-31 22:00:00,31,372
2024-08,BTC_USD,2h,distribution,2024-08-01 00:00:00,2024-08-31 22:00:00,31,372
2024-09,BTC_USD,2h,distribution,2024-09-01 00:00:00,2024-09-30 22:00:00,30,360
2024-10,BTC_USD,2h,distribution,2024-10-01 00:00:00,2024-10-31 22:00:00,31,372
2024-11,BTC_USD,2h,distribution,2024-11-01 00:00:00,2024-11-30 22:00:00,30,360
2024-12,BTC_USD,2h,distribution,2024-12-01 00:00:00,2024-12-31 22:00:00,31,372
2025-01,BTC_USD,2h,distribution,2025-01-01 00:00:00,2025-01-31 22:00:00,31,372
2025-02,BTC_USD,2h,distribution,2025-02-01 00:00:00,2025-02-28 22:00:00,28,336
2025-03,BTC_USD,2h,distribution,2025-03-01 00:00:00,2025-03-31 22:00:00,31,372
2025-04,BTC_USD,2h,distribution,2025-04-01 00:00:00,2025-04-30 22:00:00,30,360
2025-05,BTC_USD,2h,distribution,2025-05-01 00:00:00,2025-05-31 22:00:00,31,372
2025-06,BTC_USD,2h,distribution,2025-06-01 00:00:00,2025-06-30 22:00:00,30,360
2025-07,BTC_USD,2h,distribution,2025-07-01 00:00:00,2025-07-31 22:00:00,31,372
2025-08,BTC_USD,2h,distribution,2025-08-01 00:00:00,2025-08-26 12:00:00,26,307
2017-08,BTC_USDT,1d,unknown,2017-08-17 00:00:00,2017-08-31 00:00:00,15,180
2017-09,BTC_USDT,1d,unknown,2017-09-01 00:00:00,2017-09-16 00:00:00,16,192
2017-09,BTC_USDT,1d,distribution,2017-09-16 00:00:00,2017-09-30 00:00:00,15,180
2017-10,BTC_USDT,1d,distribution,2017-10-01 00:00:00,2017-10-15 00:00:00,15,180
2017-10,BTC_USDT,1d,expansion,2017-10-15 00:00:00,2017-10-31 00:00:00,17,204
2017-11,BTC_USDT,1d,expansion,2017-11-01 00:00:00,2017-11-10 00:00:00,10,120
2017-11,BTC_USDT,1d,euphoria,2017-11-10 00:00:00,2017-11-11 00:00:00,2,24
2017-11,BTC_USDT,1d,distribution,2017-11-11 00:00:00,2017-11-15 00:00:00,5,60
2017-11,BTC_USDT,1d,expansion,2017-11-15 00:00:00,2017-11-17 00:00:00,3,36
2017-11,BTC_USDT,1d,euphoria,2017-11-17 00:00:00,2017-11-30 00:00:00,14,168
2017-12,BTC_USDT,1d,euphoria,2017-12-01 00:00:00,2017-12-31 00:00:00,31,372
2018-01,BTC_USDT,1d,euphoria,2018-01-01 00:00:00,2018-01-16 00:00:00,16,192
2018-01,BTC_USDT,1d,distribution,2018-01-16 00:00:00,2018-01-31 00:00:00,16,192
2018-02,BTC_USDT,1d,distribution,2018-02-01 00:00:00,2018-02-03 00:00:00,3,36
2018-02,BTC_USDT,1d,bear,2018-02-03 00:00:00,2018-02-28 00:00:00,26,312
2018-03,BTC_USDT,1d,bear,2018-03-01 00:00:00,2018-03-31 00:00:00,31,372
2018-04,BTC_USDT,1d,bear,2018-04-01 00:00:00,2018-04-30 00:00:00,30,360
2018-05,BTC_USDT,1d,bear,2018-05-01 00:00:00,2018-05-06 00:00:00,6,72
2018-05,BTC_USDT,1d,distribution,2018-05-06 00:00:00,2018-05-11 00:00:00,6,72
2018-05,BTC_USDT,1d,bear,2018-05-11 00:00:00,2018-05-31 00:00:00,21,252
2018-06,BTC_USDT,1d,bear,2018-06-01 00:00:00,2018-06-30 00:00:00,30,360
2018-07,BTC_USDT,1d,bear,2018-07-01 00:00:00,2018-07-30 00:00:00,30,360
2018-07,BTC_USDT,1d,distribution,2018-07-30 00:00:00,2018-07-31 00:00:00,2,24
2018-08,BTC_USDT,1d,distribution,2018-08-01 00:00:00,2018-08-04 00:00:00,4,48
2018-08,BTC_USDT,1d,bear,2018-08-04 00:00:00,2018-08-31 00:00:00,28,336
2018-09,BTC_USDT,1d,bear,2018-09-01 00:00:00,2018-09-30 00:00:00,30,360
2018-10,BTC_USDT,1d,bear,2018-10-01 00:00:00,2018-10-31 00:00:00,31,372
2018-11,BTC_USDT,1d,bear,2018-11-01 00:00:00,2018-11-30 00:00:00,30,360
2018-12,BTC_USDT,1d,bear,2018-12-01 00:00:00,2018-12-31 00:00:00,31,372
2019-01,BTC_USDT,1d,bear,2019-01-01 00:00:00,2019-01-31 00:00:00,31,372
2019-02,BTC_USDT,1d,bear,2019-02-01 00:00:00,2019-02-28 00:00:00,28,336
2019-03,BTC_USDT,1d,bear,2019-03-01 00:00:00,2019-03-31 00:00:00,31,372
2019-04,BTC_USDT,1d,bear,2019-04-01 00:00:00,2019-04-02 00:00:00,2,24
2019-04,BTC_USDT,1d,distribution,2019-04-02 00:00:00,2019-04-30 00:00:00,29,348
2019-05,BTC_USDT,1d,distribution,2019-05-01 00:00:00,2019-05-14 00:00:00,14,168
2019-05,BTC_USDT,1d,expansion,2019-05-14 00:00:00,2019-05-17 00:00:00,4,48
2019-05,BTC_USDT,1d,distribution,2019-05-17 00:00:00,2019-05-19 00:00:00,3,36
2019-05,BTC_USDT,1d,expansion,2019-05-19 00:00:00,2019-05-22 00:00:00,4,48
2019-05,BTC_USDT,1d,euphoria,2019-05-22 00:00:00,2019-05-24 00:00:00,3,36
2019-05,BTC_USDT,1d,expansion,2019-05-24 00:00:00,2019-05-26 00:00:00,3,36
2019-05,BTC_USDT,1d,euphoria,2019-05-26 00:00:00,2019-05-27 00:00:00,2,24
2019-05,BTC_USDT,1d,expansion,2019-05-27 00:00:00,2019-05-28 00:00:00,2,24
2019-05,BTC_USDT,1d,euphoria,2019-05-28 00:00:00,2019-05-29 00:00:00,2,24
2019-05,BTC_USDT,1d,expansion,2019-05-29 00:00:00,2019-05-30 00:00:00,2,24
2019-05,BTC_USDT,1d,euphoria,2019-05-30 00:00:00,2019-05-31 00:00:00,2,24
2019-06,BTC_USDT,1d,euphoria,2019-06-01 00:00:00,2019-06-12 00:00:00,12,144
2019-06,BTC_USDT,1d,expansion,2019-06-12 00:00:00,2019-06-27 00:00:00,16,192
2019-06,BTC_USDT,1d,euphoria,2019-06-27 00:00:00,2019-06-30 00:00:00,4,48
2019-07,BTC_USDT,1d,euphoria,2019-07-01 00:00:00,2019-07-19 00:00:00,19,228
2019-07,BTC_USDT,1d,distribution,2019-07-19 00:00:00,2019-07-31 00:00:00,13,156
2019-08,BTC_USDT,1d,distribution,2019-08-01 00:00:00,2019-08-05 00:00:00,5,60
2019-08,BTC_USDT,1d,expansion,2019-08-05 00:00:00,2019-08-06 00:00:00,2,24
2019-08,BTC_USDT,1d,distribution,2019-08-06 00:00:00,2019-08-07 00:00:00,2,24
2019-08,BTC_USDT,1d,expansion,2019-08-07 00:00:00,2019-08-10 00:00:00,4,48
2019-08,BTC_USDT,1d,distribution,2019-08-10 00:00:00,2019-08-31 00:00:00,22,264
2019-09,BTC_USDT,1d,distribution,2019-09-01 00:00:00,2019-09-26 00:00:00,26,312
2019-09,BTC_USDT,1d,bear,2019-09-26 00:00:00,2019-09-30 00:00:00,5,60
2019-10,BTC_USDT,1d,bear,2019-10-01 00:00:00,2019-10-09 00:00:00,9,108
2019-10,BTC_USDT,1d,distribution,2019-10-09 00:00:00,2019-10-11 00:00:00,3,36
2019-10,BTC_USDT,1d,bear,2019-10-11 00:00:00,2019-10-25 00:00:00,15,180
2019-10,BTC_USDT,1d,distribution,2019-10-25 00:00:00,2019-10-31 00:00:00,7,84
2019-11,BTC_USDT,1d,distribution,2019-11-01 00:00:00,2019-11-15 00:00:00,15,180
2019-11,BTC_USDT,1d,bear,2019-11-15 00:00:00,2019-11-30 00:00:00,16,192
2019-12,BTC_USDT,1d,bear,2019-12-01 00:00:00,2019-12-31 00:00:00,31,372
2020-01,BTC_USDT,1d,bear,2020-01-01 00:00:00,2020-01-14 00:00:00,14,168
2020-01,BTC_USDT,1d,distribution,2020-01-14 00:00:00,2020-01-31 00:00:00,18,216
2020-02,BTC_USDT,1d,distribution,2020-02-01 00:00:00,2020-02-29 00:00:00,29,348
2020-03,BTC_USDT,1d,distribution,2020-03-01 00:00:00,2020-03-11 00:00:00,11,132
2020-03,BTC_USDT,1d,bear,2020-03-11 00:00:00,2020-03-31 00:00:00,21,252
2020-04,BTC_USDT,1d,bear,2020-04-01 00:00:00,2020-04-29 00:00:00,29,348
2020-04,BTC_USDT,1d,distribution,2020-04-29 00:00:00,2020-04-30 00:00:00,2,24
2020-05,BTC_USDT,1d,distribution,2020-05-01 00:00:00,2020-05-31 00:00:00,31,372
2020-06,BTC_USDT,1d,distribution,2020-06-01 00:00:00,2020-06-30 00:00:00,30,360
2020-07,BTC_USDT,1d,distribution,2020-07-01 00:00:00,2020-07-31 00:00:00,31,372
2020-08,BTC_USDT,1d,accumulation,2020-08-01 00:00:00,2020-08-02 00:00:00,2,24
2020-08,BTC_USDT,1d,expansion,2020-08-02 00:00:00,2020-08-26 00:00:00,25,300
2020-08,BTC_USDT,1d,accumulation,2020-08-26 00:00:00,2020-08-31 00:00:00,6,72
2020-09,BTC_USDT,1d,accumulation,2020-09-01 00:00:00,2020-09-03 00:00:00,3,36
2020-09,BTC_USDT,1d,distribution,2020-09-03 00:00:00,2020-09-30 00:00:00,28,336
2020-10,BTC_USDT,1d,distribution,2020-10-01 00:00:00,2020-10-27 00:00:00,27,324
2020-10,BTC_USDT,1d,accumulation,2020-10-27 00:00:00,2020-10-31 00:00:00,5,60
2020-11,BTC_USDT,1d,accumulation,2020-11-01 00:00:00,2020-11-07 00:00:00,7,84
2020-11,BTC_USDT,1d,expansion,2020-11-07 00:00:00,2020-11-26 00:00:00,20,240
2020-11,BTC_USDT,1d,distribution,2020-11-26 00:00:00,2020-11-28 00:00:00,3,36
2020-11,BTC_USDT,1d,expansion,2020-11-28 00:00:00,2020-11-30 00:00:00,3,36
2020-12,BTC_USDT,1d,expansion,2020-12-01 00:00:00,2020-12-31 00:00:00,31,372
2021-01,BTC_USDT,1d,expansion,2021-01-01 00:00:00,2021-01-11 00:00:00,11,132
2021-01,BTC_USDT,1d,distribution,2021-01-11 00:00:00,2021-01-12 00:00:00,2,24
2021-01,BTC_USDT,1d,euphoria,2021-01-12 00:00:00,2021-01-31 00:00:00,20,240
2021-02,BTC_USDT,1d,euphoria,2021-02-01 00:00:00,2021-02-28 00:00:00,28,336
2021-03,BTC_USDT,1d,euphoria,2021-03-01 00:00:00,2021-03-21 00:00:00,21,252
2021-03,BTC_USDT,1d,expansion,2021-03-21 00:00:00,2021-03-22 00:00:00,2,24
2021-03,BTC_USDT,1d,euphoria,2021-03-22 00:00:00,2021-03-24 00:00:00,3,36
2021-03,BTC_USDT,1d,distribution,2021-03-24 00:00:00,2021-03-27 00:00:00,4,48
2021-03,BTC_USDT,1d,expansion,2021-03-27 00:00:00,2021-03-31 00:00:00,5,60
2021-04,BTC_USDT,1d,expansion,2021-04-01 00:00:00,2021-04-18 00:00:00,18,216
2021-04,BTC_USDT,1d,distribution,2021-04-18 00:00:00,2021-04-30 00:00:00,13,156
2021-04,BTC_USDT,1d,expansion,2021-04-30 00:00:00,2021-04-30 00:00:00,1,12
2021-05,BTC_USDT,1d,expansion,2021-05-01 00:00:00,2021-05-02 00:00:00,2,24
2021-05,BTC_USDT,1d,distribution,2021-05-02 00:00:00,2021-05-05 00:00:00,4,48
2021-05,BTC_USDT,1d,expansion,2021-05-05 00:00:00,2021-05-06 00:00:00,2,24
2021-05,BTC_USDT,1d,distribution,2021-05-06 00:00:00,2021-05-07 00:00:00,2,24
2021-05,BTC_USDT,1d,expansion,2021-05-07 00:00:00,2021-05-10 00:00:00,4,48
2021-05,BTC_USDT,1d,distribution,2021-05-10 00:00:00,2021-05-19 00:00:00,10,120
2021-05,BTC_USDT,1d,bear,2021-05-19 00:00:00,2021-05-31 00:00:00,13,156
2021-06,BTC_USDT,1d,bear,2021-06-01 00:00:00,2021-06-30 00:00:00,30,360
2021-07,BTC_USDT,1d,bear,2021-07-01 00:00:00,2021-07-30 00:00:00,30,360
2021-07,BTC_USDT,1d,distribution,2021-07-30 00:00:00,2021-07-31 00:00:00,2,24
2021-08,BTC_USDT,1d,bear,2021-08-01 00:00:00,2021-08-06 00:00:00,6,72
2021-08,BTC_USDT,1d,distribution,2021-08-06 00:00:00,2021-08-31 00:00:00,26,312
2021-09,BTC_USDT,1d,distribution,2021-09-01 00:00:00,2021-09-30 00:00:00,30,360
2021-10,BTC_USDT,1d,distribution,2021-10-01 00:00:00,2021-10-11 00:00:00,11,132
2021-10,BTC_USDT,1d,expansion,2021-10-11 00:00:00,2021-10-12 00:00:00,2,24
2021-10,BTC_USDT,1d,distribution,2021-10-12 00:00:00,2021-10-13 00:00:00,2,24
2021-10,BTC_USDT,1d,expansion,2021-10-13 00:00:00,2021-10-27 00:00:00,15,180
2021-10,BTC_USDT,1d,distribution,2021-10-27 00:00:00,2021-10-28 00:00:00,2,24
2021-10,BTC_USDT,1d,expansion,2021-10-28 00:00:00,2021-10-31 00:00:00,4,48
2021-11,BTC_USDT,1d,expansion,2021-11-01 00:00:00,2021-11-16 00:00:00,16,192
2021-11,BTC_USDT,1d,distribution,2021-11-16 00:00:00,2021-11-30 00:00:00,15,180
2021-12,BTC_USDT,1d,distribution,2021-12-01 00:00:00,2021-12-31 00:00:00,31,372
2022-01,BTC_USDT,1d,distribution,2022-01-01 00:00:00,2022-01-05 00:00:00,5,60
2022-01,BTC_USDT,1d,bear,2022-01-05 00:00:00,2022-01-12 00:00:00,8,96
2022-01,BTC_USDT,1d,distribution,2022-01-12 00:00:00,2022-01-13 00:00:00,2,24
2022-01,BTC_USDT,1d,bear,2022-01-13 00:00:00,2022-01-31 00:00:00,19,228
2022-02,BTC_USDT,1d,bear,2022-02-01 00:00:00,2022-02-08 00:00:00,8,96
2022-02,BTC_USDT,1d,distribution,2022-02-08 00:00:00,2022-02-10 00:00:00,3,36
2022-02,BTC_USDT,1d,bear,2022-02-10 00:00:00,2022-02-15 00:00:00,6,72
2022-02,BTC_USDT,1d,distribution,2022-02-15 00:00:00,2022-02-16 00:00:00,2,24
2022-02,BTC_USDT,1d,bear,2022-02-16 00:00:00,2022-02-28 00:00:00,13,156
2022-03,BTC_USDT,1d,distribution,2022-03-01 00:00:00,2022-03-03 00:00:00,3,36
2022-03,BTC_USDT,1d,bear,2022-03-03 00:00:00,2022-03-24 00:00:00,22,264
2022-03,BTC_USDT,1d,distribution,2022-03-24 00:00:00,2022-03-31 00:00:00,8,96
2022-04,BTC_USDT,1d,distribution,2022-04-01 00:00:00,2022-04-12 00:00:00,12,144
2022-04,BTC_USDT,1d,bear,2022-04-12 00:00:00,2022-04-30 00:00:00,19,228
2022-05,BTC_USDT,1d,bear,2022-05-01 00:00:00,2022-05-31 00:00:00,31,372
2022-06,BTC_USDT,1d,bear,2022-06-01 00:00:00,2022-06-30 00:00:00,30,360
2022-07,BTC_USDT,1d,bear,2022-07-01 00:00:00,2022-07-31 00:00:00,31,372
2022-08,BTC_USDT,1d,bear,2022-08-01 00:00:00,2022-08-31 00:00:00,31,372
2022-09,BTC_USDT,1d,bear,2022-09-01 00:00:00,2022-09-30 00:00:00,30,360
2022-10,BTC_USDT,1d,bear,2022-10-01 00:00:00,2022-10-31 00:00:00,31,372
2022-11,BTC_USDT,1d,bear,2022-11-01 00:00:00,2022-11-30 00:00:00,30,360
2022-12,BTC_USDT,1d,bear,2022-12-01 00:00:00,2022-12-31 00:00:00,31,372
2023-01,BTC_USDT,1d,bear,2023-01-01 00:00:00,2023-01-16 00:00:00,16,192
2023-01,BTC_USDT,1d,distribution,2023-01-16 00:00:00,2023-01-31 00:00:00,16,192
2023-02,BTC_USDT,1d,distribution,2023-02-01 00:00:00,2023-02-28 00:00:00,28,336
2023-03,BTC_USDT,1d,distribution,2023-03-01 00:00:00,2023-03-31 00:00:00,31,372
2023-04,BTC_USDT,1d,distribution,2023-04-01 00:00:00,2023-04-30 00:00:00,30,360
2023-05,BTC_USDT,1d,distribution,2023-05-01 00:00:00,2023-05-31 00:00:00,31,372
2023-06,BTC_USDT,1d,distribution,2023-06-01 00:00:00,2023-06-30 00:00:00,30,360
2023-07,BTC_USDT,1d,distribution,2023-07-01 00:00:00,2023-07-31 00:00:00,31,372
2023-08,BTC_USDT,1d,distribution,2023-08-01 00:00:00,2023-08-31 00:00:00,31,372
2023-09,BTC_USDT,1d,distribution,2023-09-01 00:00:00,2023-09-30 00:00:00,30,360
2023-10,BTC_USDT,1d,distribution,2023-10-01 00:00:00,2023-10-30 00:00:00,30,360
2023-10,BTC_USDT,1d,accumulation,2023-10-30 00:00:00,2023-10-31 00:00:00,2,24
2023-11,BTC_USDT,1d,accumulation,2023-11-01 00:00:00,2023-11-21 00:00:00,21,252
2023-11,BTC_USDT,1d,expansion,2023-11-21 00:00:00,2023-11-22 00:00:00,2,24
2023-11,BTC_USDT,1d,accumulation,2023-11-22 00:00:00,2023-11-30 00:00:00,9,108
2023-12,BTC_USDT,1d,accumulation,2023-12-01 00:00:00,2023-12-11 00:00:00,11,132
2023-12,BTC_USDT,1d,expansion,2023-12-11 00:00:00,2023-12-15 00:00:00,5,60
2023-12,BTC_USDT,1d,accumulation,2023-12-15 00:00:00,2023-12-31 00:00:00,17,204
2024-01,BTC_USDT,1d,accumulation,2024-01-01 00:00:00,2024-01-09 00:00:00,9,108
2024-01,BTC_USDT,1d,expansion,2024-01-09 00:00:00,2024-01-10 00:00:00,2,24
2024-01,BTC_USDT,1d,accumulation,2024-01-10 00:00:00,2024-01-12 00:00:00,3,36
2024-01,BTC_USDT,1d,expansion,2024-01-12 00:00:00,2024-01-14 00:00:00,3,36
2024-01,BTC_USDT,1d,distribution,2024-01-14 00:00:00,2024-01-15 00:00:00,2,24
2024-01,BTC_USDT,1d,expansion,2024-01-15 00:00:00,2024-01-18 00:00:00,4,48
2024-01,BTC_USDT,1d,distribution,2024-01-18 00:00:00,2024-01-31 00:00:00,14,168
2024-02,BTC_USDT,1d,distribution,2024-02-01 00:00:00,2024-02-13 00:00:00,13,156
2024-02,BTC_USDT,1d,accumulation,2024-02-13 00:00:00,2024-02-29 00:00:00,17,204
2024-03,BTC_USDT,1d,accumulation,2024-03-01 00:00:00,2024-03-04 00:00:00,4,48
2024-03,BTC_USDT,1d,expansion,2024-03-04 00:00:00,2024-03-16 00:00:00,13,156
2024-03,BTC_USDT,1d,distribution,2024-03-16 00:00:00,2024-03-17 00:00:00,2,24
2024-03,BTC_USDT,1d,expansion,2024-03-17 00:00:00,2024-03-19 00:00:00,3,36
2024-03,BTC_USDT,1d,distribution,2024-03-19 00:00:00,2024-03-20 00:00:00,2,24
2024-03,BTC_USDT,1d,euphoria,2024-03-20 00:00:00,2024-03-22 00:00:00,3,36
2024-03,BTC_USDT,1d,distribution,2024-03-22 00:00:00,2024-03-24 00:00:00,3,36
2024-03,BTC_USDT,1d,expansion,2024-03-24 00:00:00,2024-03-31 00:00:00,8,96
2024-04,BTC_USDT,1d,expansion,2024-04-01 00:00:00,2024-04-02 00:00:00,2,24
2024-04,BTC_USDT,1d,distribution,2024-04-02 00:00:00,2024-04-03 00:00:00,2,24
2024-04,BTC_USDT,1d,expansion,2024-04-03 00:00:00,2024-04-13 00:00:00,11,132
2024-04,BTC_USDT,1d,distribution,2024-04-13 00:00:00,2024-04-22 00:00:00,10,120
2024-04,BTC_USDT,1d,expansion,2024-04-22 00:00:00,2024-04-24 00:00:00,3,36
2024-04,BTC_USDT,1d,distribution,2024-04-24 00:00:00,2024-04-30 00:00:00,7,84
2024-05,BTC_USDT,1d,distribution,2024-05-01 00:00:00,2024-05-31 00:00:00,31,372
2024-06,BTC_USDT,1d,distribution,2024-06-01 00:00:00,2024-06-30 00:00:00,30,360
2024-07,BTC_USDT,1d,distribution,2024-07-01 00:00:00,2024-07-31 00:00:00,31,372
2024-08,BTC_USDT,1d,distribution,2024-08-01 00:00:00,2024-08-31 00:00:00,31,372
2024-09,BTC_USDT,1d,distribution,2024-09-01 00:00:00,2024-09-30 00:00:00,30,360
2024-10,BTC_USDT,1d,distribution,2024-10-01 00:00:00,2024-10-31 00:00:00,31,372
2024-11,BTC_USDT,1d,distribution,2024-11-01 00:00:00,2024-11-11 00:00:00,11,132
2024-11,BTC_USDT,1d,expansion,2024-11-11 00:00:00,2024-11-30 00:00:00,20,240
2024-12,BTC_USDT,1d,expansion,2024-12-01 00:00:00,2024-12-11 00:00:00,11,132
2024-12,BTC_USDT,1d,accumulation,2024-12-11 00:00:00,2024-12-22 00:00:00,12,144
2024-12,BTC_USDT,1d,distribution,2024-12-22 00:00:00,2024-12-24 00:00:00,3,36
2024-12,BTC_USDT,1d,accumulation,2024-12-24 00:00:00,2024-12-27 00:00:00,4,48
2024-12,BTC_USDT,1d,distribution,2024-12-27 00:00:00,2024-12-31 00:00:00,5,60
2025-01,BTC_USDT,1d,distribution,2025-01-01 00:00:00,2025-01-02 00:00:00,2,24
2025-01,BTC_USDT,1d,accumulation,2025-01-02 00:00:00,2025-01-08 00:00:00,7,84
2025-01,BTC_USDT,1d,distribution,2025-01-08 00:00:00,2025-01-18 00:00:00,11,132
2025-01,BTC_USDT,1d,accumulation,2025-01-18 00:00:00,2025-01-31 00:00:00,14,168
2025-02,BTC_USDT,1d,distribution,2025-02-01 00:00:00,2025-02-28 00:00:00,28,336
2025-03,BTC_USDT,1d,distribution,2025-03-01 00:00:00,2025-03-31 00:00:00,31,372
2025-04,BTC_USDT,1d,distribution,2025-04-01 00:00:00,2025-04-30 00:00:00,30,360
2025-05,BTC_USDT,1d,distribution,2025-05-01 00:00:00,2025-05-22 00:00:00,22,264
2025-05,BTC_USDT,1d,accumulation,2025-05-22 00:00:00,2025-05-31 00:00:00,10,120
2025-05,BTC_USDT,1d,distribution,2025-05-31 00:00:00,2025-05-31 00:00:00,1,12
2025-06,BTC_USDT,1d,distribution,2025-06-01 00:00:00,2025-06-30 00:00:00,30,360
2025-07,BTC_USDT,1d,distribution,2025-07-01 00:00:00,2025-07-31 00:00:00,31,372
2025-08,BTC_USDT,1d,distribution,2025-08-01 00:00:00,2025-08-26 00:00:00,26,312
2017-08,BTC_USDT,2h,unknown,2017-08-17 04:00:00,2017-08-19 16:00:00,3,31
2017-08,BTC_USDT,2h,distribution,2017-08-19 16:00:00,2017-08-31 22:00:00,13,148
2017-09,BTC_USDT,2h,distribution,2017-09-01 00:00:00,2017-09-14 22:00:00,14,166
2017-09,BTC_USDT,2h,bear,2017-09-14 22:00:00,2017-09-15 00:00:00,2,2
2017-09,BTC_USDT,2h,distribution,2017-09-15 00:00:00,2017-09-15 06:00:00,1,4
2017-09,BTC_USDT,2h,bear,2017-09-15 06:00:00,2017-09-15 12:00:00,1,4
2017-09,BTC_USDT,2h,distribution,2017-09-15 12:00:00,2017-09-30 22:00:00,16,186
2017-10,BTC_USDT,2h,distribution,2017-10-01 00:00:00,2017-10-13 04:00:00,13,147
2017-10,BTC_USDT,2h,accumulation,2017-10-13 04:00:00,2017-10-15 12:00:00,3,29
2017-10,BTC_USDT,2h,distribution,2017-10-15 12:00:00,2017-10-31 22:00:00,17,198
2017-11,BTC_USDT,2h,distribution,2017-11-01 00:00:00,2017-11-03 14:00:00,3,32
2017-11,BTC_USDT,2h,accumulation,2017-11-03 14:00:00,2017-11-03 20:00:00,1,4
2017-11,BTC_USDT,2h,distribution,2017-11-03 20:00:00,2017-11-28 06:00:00,26,294
2017-11,BTC_USDT,2h,accumulation,2017-11-28 06:00:00,2017-11-29 18:00:00,2,19
2017-11,BTC_USDT,2h,distribution,2017-11-29 18:00:00,2017-11-30 00:00:00,2,4
2017-11,BTC_USDT,2h,expansion,2017-11-30 00:00:00,2017-11-30 06:00:00,1,4
2017-11,BTC_USDT,2h,distribution,2017-11-30 06:00:00,2017-11-30 22:00:00,1,9
2017-12,BTC_USDT,2h,distribution,2017-12-01 00:00:00,2017-12-03 12:00:00,3,31
2017-12,BTC_USDT,2h,accumulation,2017-12-03 12:00:00,2017-12-04 10:00:00,2,12
2017-12,BTC_USDT,2h,distribution,2017-12-04 10:00:00,2017-12-06 10:00:00,3,25
2017-12,BTC_USDT,2h,accumulation,2017-12-06 10:00:00,2017-12-07 22:00:00,2,19
2017-12,BTC_USDT,2h,expansion,2017-12-07 22:00:00,2017-12-08 08:00:00,2,6
2017-12,BTC_USDT,2h,distribution,2017-12-08 08:00:00,2017-12-08 20:00:00,1,7
2017-12,BTC_USDT,2h,expansion,2017-12-08 20:00:00,2017-12-09 00:00:00,2,3
2017-12,BTC_USDT,2h,distribution,2017-12-09 00:00:00,2017-12-09 02:00:00,1,2
2017-12,BTC_USDT,2h,expansion,2017-12-09 02:00:00,2017-12-09 04:00:00,1,2
2017-12,BTC_USDT,2h,distribution,2017-12-09 04:00:00,2017-12-11 02:00:00,3,24
2017-12,BTC_USDT,2h,expansion,2017-12-11 02:00:00,2017-12-13 08:00:00,3,28
2017-12,BTC_USDT,2h,accumulation,2017-12-13 08:00:00,2017-12-13 12:00:00,1,3
2017-12,BTC_USDT,2h,distribution,2017-12-13 12:00:00,2017-12-16 14:00:00,4,38
2017-12,BTC_USDT,2h,accumulation,2017-12-16 14:00:00,2017-12-18 12:00:00,3,24
2017-12,BTC_USDT,2h,distribution,2017-12-18 12:00:00,2017-12-22 06:00:00,5,46
2017-12,BTC_USDT,2h,bear,2017-12-22 06:00:00,2017-12-22 08:00:00,1,2
2017-12,BTC_USDT,2h,distribution,2017-12-22 08:00:00,2017-12-22 12:00:00,1,3
2017-12,BTC_USDT,2h,bear,2017-12-22 12:00:00,2017-12-22 16:00:00,1,3
2017-12,BTC_USDT,2h,distribution,2017-12-22 16:00:00,2017-12-24 10:00:00,3,22
2017-12,BTC_USDT,2h,bear,2017-12-24 10:00:00,2017-12-24 12:00:00,1,2
2017-12,BTC_USDT,2h,distribution,2017-12-24 12:00:00,2017-12-24 14:00:00,1,2
2017-12,BTC_USDT,2h,bear,2017-12-24 14:00:00,2017-12-24 22:00:00,1,5
2017-12,BTC_USDT,2h,distribution,2017-12-24 22:00:00,2017-12-30 12:00:00,7,68
2017-12,BTC_USDT,2h,bear,2017-12-30 12:00:00,2017-12-30 18:00:00,1,4
2017-12,BTC_USDT,2h,distribution,2017-12-30 18:00:00,2017-12-30 20:00:00,1,2
2017-12,BTC_USDT,2h,bear,2017-12-30 20:00:00,2017-12-31 00:00:00,2,3
2017-12,BTC_USDT,2h,distribution,2017-12-31 00:00:00,2017-12-31 04:00:00,1,3
2017-12,BTC_USDT,2h,bear,2017-12-31 04:00:00,2017-12-31 10:00:00,1,4
2017-12,BTC_USDT,2h,distribution,2017-12-31 10:00:00,2017-12-31 22:00:00,1,7
2018-01,BTC_USDT,2h,distribution,2018-01-01 00:00:00,2018-01-16 06:00:00,16,184
2018-01,BTC_USDT,2h,bear,2018-01-16 06:00:00,2018-01-19 08:00:00,4,38
2018-01,BTC_USDT,2h,distribution,2018-01-19 08:00:00,2018-01-19 18:00:00,1,6
2018-01,BTC_USDT,2h,bear,2018-01-19 18:00:00,2018-01-19 20:00:00,1,2
2018-01,BTC_USDT,2h,distribution,2018-01-19 20:00:00,2018-01-22 12:00:00,4,33
2018-01,BTC_USDT,2h,bear,2018-01-22 12:00:00,2018-01-23 16:00:00,2,15
2018-01,BTC_USDT,2h,distribution,2018-01-23 16:00:00,2018-01-23 18:00:00,1,2
2018-01,BTC_USDT,2h,bear,2018-01-23 18:00:00,2018-01-24 10:00:00,2,9
2018-01,BTC_USDT,2h,distribution,2018-01-24 10:00:00,2018-01-24 14:00:00,1,3
2018-01,BTC_USDT,2h,bear,2018-01-24 14:00:00,2018-01-24 16:00:00,1,2
2018-01,BTC_USDT,2h,distribution,2018-01-24 16:00:00,2018-01-25 14:00:00,2,12
2018-01,BTC_USDT,2h,bear,2018-01-25 14:00:00,2018-01-25 18:00:00,1,3
2018-01,BTC_USDT,2h,distribution,2018-01-25 18:00:00,2018-01-26 06:00:00,2,7
2018-01,BTC_USDT,2h,bear,2018-01-26 06:00:00,2018-01-26 14:00:00,1,5
2018-01,BTC_USDT,2h,distribution,2018-01-26 14:00:00,2018-01-26 18:00:00,1,3
2018-01,BTC_USDT,2h,bear,2018-01-26 18:00:00,2018-01-27 04:00:00,2,6
2018-01,BTC_USDT,2h,distribution,2018-01-27 04:00:00,2018-01-27 10:00:00,1,4
2018-01,BTC_USDT,2h,bear,2018-01-27 10:00:00,2018-01-27 14:00:00,1,3
2018-01,BTC_USDT,2h,distribution,2018-01-27 14:00:00,2018-01-30 00:00:00,4,30
2018-01,BTC_USDT,2h,bear,2018-01-30 00:00:00,2018-01-30 06:00:00,1,4
2018-01,BTC_USDT,2h,distribution,2018-01-30 06:00:00,2018-01-30 08:00:00,1,2
2018-01,BTC_USDT,2h,bear,2018-01-30 08:00:00,2018-01-31 22:00:00,2,20
2018-02,BTC_USDT,2h,bear,2018-02-01 00:00:00,2018-02-12 20:00:00,12,127
2018-02,BTC_USDT,2h,distribution,2018-02-12 20:00:00,2018-02-20 18:00:00,9,96
2018-02,BTC_USDT,2h,accumulation,2018-02-20 18:00:00,2018-02-20 22:00:00,1,3
2018-02,BTC_USDT,2h,distribution,2018-02-20 22:00:00,2018-02-28 22:00:00,9,97
2018-03,BTC_USDT,2h,distribution,2018-03-01 00:00:00,2018-03-18 12:00:00,18,211
2018-03,BTC_USDT,2h,bear,2018-03-18 12:00:00,2018-03-18 20:00:00,1,5
2018-03,BTC_USDT,2h,distribution,2018-03-18 20:00:00,2018-03-29 04:00:00,12,125
2018-03,BTC_USDT,2h,bear,2018-03-29 04:00:00,2018-03-31 22:00:00,3,34
2018-04,BTC_USDT,2h,bear,2018-04-01 00:00:00,2018-04-07 00:00:00,7,73
2018-04,BTC_USDT,2h,distribution,2018-04-07 00:00:00,2018-04-30 22:00:00,24,288
2018-05,BTC_USDT,2h,distribution,2018-05-01 00:00:00,2018-05-31 22:00:00,31,372
2018-06,BTC_USDT,2h,distribution,2018-06-01 00:00:00,2018-06-30 22:00:00,30,355
2018-07,BTC_USDT,2h,distribution,2018-07-01 00:00:00,2018-07-31 22:00:00,31,369
2018-08,BTC_USDT,2h,distribution,2018-08-01 00:00:00,2018-08-31 22:00:00,31,372
2018-09,BTC_USDT,2h,distribution,2018-09-01 00:00:00,2018-09-30 22:00:00,30,360
2018-10,BTC_USDT,2h,distribution,2018-10-01 00:00:00,2018-10-31 22:00:00,31,371
2018-11,BTC_USDT,2h,distribution,2018-11-01 00:00:00,2018-11-23 00:00:00,23,262
2018-11,BTC_USDT,2h,bear,2018-11-23 00:00:00,2018-11-23 02:00:00,1,2
2018-11,BTC_USDT,2h,distribution,2018-11-23 02:00:00,2018-11-24 18:00:00,2,21
2018-11,BTC_USDT,2h,bear,2018-11-24 18:00:00,2018-11-28 18:00:00,5,49
2018-11,BTC_USDT,2h,distribution,2018-11-28 18:00:00,2018-11-28 20:00:00,1,2
2018-11,BTC_USDT,2h,bear,2018-11-28 20:00:00,2018-11-29 08:00:00,2,7
2018-11,BTC_USDT,2h,distribution,2018-11-29 08:00:00,2018-11-29 12:00:00,1,3
2018-11,BTC_USDT,2h,bear,2018-11-29 12:00:00,2018-11-29 16:00:00,1,3
2018-11,BTC_USDT,2h,distribution,2018-11-29 16:00:00,2018-11-29 18:00:00,1,2
2018-11,BTC_USDT,2h,bear,2018-11-29 18:00:00,2018-11-29 22:00:00,1,3
2018-11,BTC_USDT,2h,distribution,2018-11-29 22:00:00,2018-11-30 00:00:00,2,2
2018-11,BTC_USDT,2h,bear,2018-11-30 00:00:00,2018-11-30 02:00:00,1,2
2018-11,BTC_USDT,2h,distribution,2018-11-30 02:00:00,2018-11-30 06:00:00,1,3
2018-11,BTC_USDT,2h,bear,2018-11-30 06:00:00,2018-11-30 22:00:00,1,9
2018-12,BTC_USDT,2h,bear,2018-12-01 00:00:00,2018-12-18 04:00:00,18,207
2018-12,BTC_USDT,2h,distribution,2018-12-18 04:00:00,2018-12-31 22:00:00,14,166
2019-01,BTC_USDT,2h,distribution,2019-01-01 00:00:00,2019-01-31 22:00:00,31,372
2019-02,BTC_USDT,2h,distribution,2019-02-01 00:00:00,2019-02-28 22:00:00,28,336
2019-03,BTC_USDT,2h,distribution,2019-03-01 00:00:00,2019-03-31 22:00:00,31,369
2019-04,BTC_USDT,2h,distribution,2019-04-01 00:00:00,2019-04-03 10:00:00,3,30
2019-04,BTC_USDT,2h,accumulation,2019-04-03 10:00:00,2019-04-04 18:00:00,2,17
2019-04,BTC_USDT,2h,distribution,2019-04-04 18:00:00,2019-04-30 22:00:00,27,315
2019-05,BTC_USDT,2h,distribution,2019-05-01 00:00:00,2019-05-12 02:00:00,12,134
2019-05,BTC_USDT,2h,accumulation,2019-05-12 02:00:00,2019-05-13 02:00:00,2,13
2019-05,BTC_USDT,2h,distribution,2019-05-13 02:00:00,2019-05-13 14:00:00,1,7
2019-05,BTC_USDT,2h,accumulation,2019-05-13 14:00:00,2019-05-16 22:00:00,4,37
2019-05,BTC_USDT,2h,distribution,2019-05-16 22:00:00,2019-05-31 22:00:00,16,181
2019-06,BTC_USDT,2h,distribution,2019-06-01 00:00:00,2019-06-22 14:00:00,22,260
2019-06,BTC_USDT,2h,accumulation,2019-06-22 14:00:00,2019-06-23 14:00:00,2,13
2019-06,BTC_USDT,2h,distribution,2019-06-23 14:00:00,2019-06-23 18:00:00,1,3
2019-06,BTC_USDT,2h,accumulation,2019-06-23 18:00:00,2019-06-24 00:00:00,2,4
2019-06,BTC_USDT,2h,distribution,2019-06-24 00:00:00,2019-06-26 02:00:00,3,26
2019-06,BTC_USDT,2h,accumulation,2019-06-26 02:00:00,2019-06-27 06:00:00,2,15
2019-06,BTC_USDT,2h,distribution,2019-06-27 06:00:00,2019-06-30 22:00:00,4,45
2019-07,BTC_USDT,2h,distribution,2019-07-01 00:00:00,2019-07-31 22:00:00,31,372
2019-08,BTC_USDT,2h,distribution,2019-08-01 00:00:00,2019-08-31 22:00:00,31,368
2019-09,BTC_USDT,2h,distribution,2019-09-01 00:00:00,2019-09-30 22:00:00,30,360
2019-10,BTC_USDT,2h,distribution,2019-10-01 00:00:00,2019-10-31 22:00:00,31,372
2019-11,BTC_USDT,2h,distribution,2019-11-01 00:00:00,2019-11-30 22:00:00,30,358
2019-12,BTC_USDT,2h,distribution,2019-12-01 00:00:00,2019-12-31 22:00:00,31,372
2020-01,BTC_USDT,2h,distribution,2020-01-01 00:00:00,2020-01-31 22:00:00,31,372
2020-02,BTC_USDT,2h,distribution,2020-02-01 00:00:00,2020-02-29 22:00:00,29,346
2020-03,BTC_USDT,2h,distribution,2020-03-01 00:00:00,2020-03-12 10:00:00,12,138
2020-03,BTC_USDT,2h,bear,2020-03-12 10:00:00,2020-03-20 08:00:00,9,96
2020-03,BTC_USDT,2h,distribution,2020-03-20 08:00:00,2020-03-23 08:00:00,4,37
2020-03,BTC_USDT,2h,bear,2020-03-23 08:00:00,2020-03-23 14:00:00,1,4
2020-03,BTC_USDT,2h,distribution,2020-03-23 14:00:00,2020-03-29 18:00:00,7,75
2020-03,BTC_USDT,2h,bear,2020-03-29 18:00:00,2020-03-30 02:00:00,2,5
2020-03,BTC_USDT,2h,distribution,2020-03-30 02:00:00,2020-03-31 22:00:00,2,23
2020-04,BTC_USDT,2h,distribution,2020-04-01 00:00:00,2020-04-30 22:00:00,30,359
2020-05,BTC_USDT,2h,distribution,2020-05-01 00:00:00,2020-05-31 22:00:00,31,372
2020-06,BTC_USDT,2h,distribution,2020-06-01 00:00:00,2020-06-30 22:00:00,30,359
2020-07,BTC_USDT,2h,distribution,2020-07-01 00:00:00,2020-07-31 22:00:00,31,372
2020-08,BTC_USDT,2h,distribution,2020-08-01 00:00:00,2020-08-31 22:00:00,31,372
2020-09,BTC_USDT,2h,distribution,2020-09-01 00:00:00,2020-09-30 22:00:00,30,360
2020-10,BTC_USDT,2h,distribution,2020-10-01 00:00:00,2020-10-31 22:00:00,31,372
2020-11,BTC_USDT,2h,distribution,2020-11-01 00:00:00,2020-11-30 22:00:00,30,360
2020-12,BTC_USDT,2h,distribution,2020-12-01 00:00:00,2020-12-17 22:00:00,17,204
2020-12,BTC_USDT,2h,accumulation,2020-12-17 22:00:00,2020-12-18 20:00:00,2,12
2020-12,BTC_USDT,2h,distribution,2020-12-18 20:00:00,2020-12-31 22:00:00,14,156
2021-01,BTC_USDT,2h,distribution,2021-01-01 00:00:00,2021-01-03 02:00:00,3,26
2021-01,BTC_USDT,2h,accumulation,2021-01-03 02:00:00,2021-01-04 10:00:00,2,17
2021-01,BTC_USDT,2h,distribution,2021-01-04 10:00:00,2021-01-07 00:00:00,4,32
2021-01,BTC_USDT,2h,accumulation,2021-01-07 00:00:00,2021-01-10 18:00:00,4,46
2021-01,BTC_USDT,2h,distribution,2021-01-10 18:00:00,2021-01-31 22:00:00,22,255
2021-02,BTC_USDT,2h,distribution,2021-02-01 00:00:00,2021-02-09 02:00:00,9,98
2021-02,BTC_USDT,2h,accumulation,2021-02-09 02:00:00,2021-02-11 02:00:00,3,25
2021-02,BTC_USDT,2h,distribution,2021-02-11 02:00:00,2021-02-28 22:00:00,18,215
2021-03,BTC_USDT,2h,distribution,2021-03-01 00:00:00,2021-03-31 22:00:00,31,372
2021-04,BTC_USDT,2h,distribution,2021-04-01 00:00:00,2021-04-30 22:00:00,30,358
2021-05,BTC_USDT,2h,distribution,2021-05-01 00:00:00,2021-05-19 12:00:00,19,223
2021-05,BTC_USDT,2h,bear,2021-05-19 12:00:00,2021-05-19 16:00:00,1,3
2021-05,BTC_USDT,2h,distribution,2021-05-19 16:00:00,2021-05-19 22:00:00,1,4
2021-05,BTC_USDT,2h,bear,2021-05-19 22:00:00,2021-05-20 04:00:00,2,4
2021-05,BTC_USDT,2h,distribution,2021-05-20 04:00:00,2021-05-21 14:00:00,2,18
2021-05,BTC_USDT,2h,bear,2021-05-21 14:00:00,2021-05-24 18:00:00,4,39
2021-05,BTC_USDT,2h,distribution,2021-05-24 18:00:00,2021-05-24 20:00:00,1,2
2021-05,BTC_USDT,2h,bear,2021-05-24 20:00:00,2021-05-24 22:00:00,1,2
2021-05,BTC_USDT,2h,distribution,2021-05-24 22:00:00,2021-05-25 02:00:00,2,3
2021-05,BTC_USDT,2h,bear,2021-05-25 02:00:00,2021-05-25 06:00:00,1,3
2021-05,BTC_USDT,2h,distribution,2021-05-25 06:00:00,2021-05-25 08:00:00,1,2
2021-05,BTC_USDT,2h,bear,2021-05-25 08:00:00,2021-05-26 00:00:00,2,9
2021-05,BTC_USDT,2h,distribution,2021-05-26 00:00:00,2021-05-26 18:00:00,1,10
2021-05,BTC_USDT,2h,bear,2021-05-26 18:00:00,2021-05-26 20:00:00,1,2
2021-05,BTC_USDT,2h,distribution,2021-05-26 20:00:00,2021-05-27 00:00:00,2,3
2021-05,BTC_USDT,2h,bear,2021-05-27 00:00:00,2021-05-27 08:00:00,1,5
2021-05,BTC_USDT,2h,distribution,2021-05-27 08:00:00,2021-05-27 22:00:00,1,8
2021-05,BTC_USDT,2h,bear,2021-05-27 22:00:00,2021-05-31 22:00:00,5,49
2021-06,BTC_USDT,2h,bear,2021-06-01 00:00:00,2021-06-02 22:00:00,2,24
2021-06,BTC_USDT,2h,distribution,2021-06-02 22:00:00,2021-06-04 22:00:00,3,25
2021-06,BTC_USDT,2h,bear,2021-06-04 22:00:00,2021-06-05 00:00:00,2,2
2021-06,BTC_USDT,2h,distribution,2021-06-05 00:00:00,2021-06-05 08:00:00,1,5
2021-06,BTC_USDT,2h,bear,2021-06-05 08:00:00,2021-06-10 10:00:00,6,62
2021-06,BTC_USDT,2h,distribution,2021-06-10 10:00:00,2021-06-30 22:00:00,21,247
2021-07,BTC_USDT,2h,distribution,2021-07-01 00:00:00,2021-07-31 22:00:00,31,372
2021-08,BTC_USDT,2h,distribution,2021-08-01 00:00:00,2021-08-31 22:00:00,31,370
2021-09,BTC_USDT,2h,distribution,2021-09-01 00:00:00,2021-09-30 22:00:00,30,360
2021-10,BTC_USDT,2h,distribution,2021-10-01 00:00:00,2021-10-31 22:00:00,31,372
2021-11,BTC_USDT,2h,distribution,2021-11-01 00:00:00,2021-11-30 22:00:00,30,360
2021-12,BTC_USDT,2h,distribution,2021-12-01 00:00:00,2021-12-31 22:00:00,31,372
2022-01,BTC_USDT,2h,distribution,2022-01-01 00:00:00,2022-01-24 10:00:00,24,282
2022-01,BTC_USDT,2h,bear,2022-01-24 10:00:00,2022-01-24 14:00:00,1,3
2022-01,BTC_USDT,2h,distribution,2022-01-24 14:00:00,2022-01-31 22:00:00,8,89
2022-02,BTC_USDT,2h,distribution,2022-02-01 00:00:00,2022-02-28 22:00:00,28,336
2022-03,BTC_USDT,2h,distribution,2022-03-01 00:00:00,2022-03-31 22:00:00,31,372
2022-04,BTC_USDT,2h,distribution,2022-04-01 00:00:00,2022-04-30 22:00:00,30,360
2022-05,BTC_USDT,2h,distribution,2022-05-01 00:00:00,2022-05-12 04:00:00,12,135
2022-05,BTC_USDT,2h,bear,2022-05-12 04:00:00,2022-05-12 06:00:00,1,2
2022-05,BTC_USDT,2h,distribution,2022-05-12 06:00:00,2022-05-31 22:00:00,20,237
2022-06,BTC_USDT,2h,distribution,2022-06-01 00:00:00,2022-06-14 00:00:00,14,157
2022-06,BTC_USDT,2h,bear,2022-06-14 00:00:00,2022-06-14 02:00:00,1,2
2022-06,BTC_USDT,2h,distribution,2022-06-14 02:00:00,2022-06-15 06:00:00,2,15
2022-06,BTC_USDT,2h,bear,2022-06-15 06:00:00,2022-06-15 10:00:00,1,3
2022-06,BTC_USDT,2h,distribution,2022-06-15 10:00:00,2022-06-16 18:00:00,2,17
2022-06,BTC_USDT,2h,bear,2022-06-16 18:00:00,2022-06-17 00:00:00,2,4
2022-06,BTC_USDT,2h,distribution,2022-06-17 00:00:00,2022-06-17 02:00:00,1,2
2022-06,BTC_USDT,2h,bear,2022-06-17 02:00:00,2022-06-17 06:00:00,1,3
2022-06,BTC_USDT,2h,distribution,2022-06-17 06:00:00,2022-06-17 12:00:00,1,4
2022-06,BTC_USDT,2h,bear,2022-06-17 12:00:00,2022-06-21 04:00:00,5,45
2022-06,BTC_USDT,2h,distribution,2022-06-21 04:00:00,2022-06-21 22:00:00,1,10
2022-06,BTC_USDT,2h,bear,2022-06-21 22:00:00,2022-06-23 18:00:00,3,23
2022-06,BTC_USDT,2h,distribution,2022-06-23 18:00:00,2022-06-23 20:00:00,1,2
2022-06,BTC_USDT,2h,bear,2022-06-23 20:00:00,2022-06-23 22:00:00,1,2
2022-06,BTC_USDT,2h,distribution,2022-06-23 22:00:00,2022-06-24 08:00:00,2,6
2022-06,BTC_USDT,2h,bear,2022-06-24 08:00:00,2022-06-24 10:00:00,1,2
2022-06,BTC_USDT,2h,distribution,2022-06-24 10:00:00,2022-06-27 14:00:00,4,39
2022-06,BTC_USDT,2h,bear,2022-06-27 14:00:00,2022-06-28 06:00:00,2,9
2022-06,BTC_USDT,2h,distribution,2022-06-28 06:00:00,2022-06-28 14:00:00,1,5
2022-06,BTC_USDT,2h,bear,2022-06-28 14:00:00,2022-06-30 22:00:00,3,29
2022-07,BTC_USDT,2h,bear,2022-07-01 00:00:00,2022-07-06 02:00:00,6,62
2022-07,BTC_USDT,2h,distribution,2022-07-06 02:00:00,2022-07-31 22:00:00,26,311
2022-08,BTC_USDT,2h,distribution,2022-08-01 00:00:00,2022-08-31 22:00:00,31,372
2022-09,BTC_USDT,2h,distribution,2022-09-01 00:00:00,2022-09-30 22:00:00,30,360
2022-10,BTC_USDT,2h,distribution,2022-10-01 00:00:00,2022-10-31 22:00:00,31,372
2022-11,BTC_USDT,2h,distribution,2022-11-01 00:00:00,2022-11-30 22:00:00,30,360
2022-12,BTC_USDT,2h,distribution,2022-12-01 00:00:00,2022-12-31 22:00:00,31,372
2023-01,BTC_USDT,2h,distribution,2023-01-01 00:00:00,2023-01-14 22:00:00,14,168
2023-01,BTC_USDT,2h,accumulation,2023-01-14 22:00:00,2023-01-15 02:00:00,2,3
2023-01,BTC_USDT,2h,distribution,2023-01-15 02:00:00,2023-01-31 22:00:00,17,203
2023-02,BTC_USDT,2h,distribution,2023-02-01 00:00:00,2023-02-28 22:00:00,28,336
2023-03,BTC_USDT,2h,distribution,2023-03-01 00:00:00,2023-03-31 22:00:00,31,372
2023-04,BTC_USDT,2h,distribution,2023-04-01 00:00:00,2023-04-30 22:00:00,30,360
2023-05,BTC_USDT,2h,distribution,2023-05-01 00:00:00,2023-05-31 22:00:00,31,372
2023-06,BTC_USDT,2h,distribution,2023-06-01 00:00:00,2023-06-30 22:00:00,30,360
2023-07,BTC_USDT,2h,distribution,2023-07-01 00:00:00,2023-07-31 22:00:00,31,372
2023-08,BTC_USDT,2h,distribution,2023-08-01 00:00:00,2023-08-31 22:00:00,31,372
2023-09,BTC_USDT,2h,distribution,2023-09-01 00:00:00,2023-09-30 22:00:00,30,360
2023-10,BTC_USDT,2h,distribution,2023-10-01 00:00:00,2023-10-31 22:00:00,31,372
2023-11,BTC_USDT,2h,distribution,2023-11-01 00:00:00,2023-11-30 22:00:00,30,360
2023-12,BTC_USDT,2h,distribution,2023-12-01 00:00:00,2023-12-31 22:00:00,31,372
2024-01,BTC_USDT,2h,distribution,2024-01-01 00:00:00,2024-01-31 22:00:00,31,372
2024-02,BTC_USDT,2h,distribution,2024-02-01 00:00:00,2024-02-29 22:00:00,29,348
2024-03,BTC_USDT,2h,distribution,2024-03-01 00:00:00,2024-03-31 22:00:00,31,372
2024-04,BTC_USDT,2h,distribution,2024-04-01 00:00:00,2024-04-30 22:00:00,30,360
2024-05,BTC_USDT,2h,distribution,2024-05-01 00:00:00,2024-05-31 22:00:00,31,372
2024-06,BTC_USDT,2h,distribution,2024-06-01 00:00:00,2024-06-30 22:00:00,30,360
2024-07,BTC_USDT,2h,distribution,2024-07-01 00:00:00,2024-07-31 22:00:00,31,372
2024-08,BTC_USDT,2h,distribution,2024-08-01 00:00:00,2024-08-31 22:00:00,31,372
2024-09,BTC_USDT,2h,distribution,2024-09-01 00:00:00,2024-09-30 22:00:00,30,360
2024-10,BTC_USDT,2h,distribution,2024-10-01 00:00:00,2024-10-31 22:00:00,31,372
2024-11,BTC_USDT,2h,distribution,2024-11-01 00:00:00,2024-11-30 22:00:00,30,360
2024-12,BTC_USDT,2h,distribution,2024-12-01 00:00:00,2024-12-31 22:00:00,31,372
2025-01,BTC_USDT,2h,distribution,2025-01-01 00:00:00,2025-01-31 22:00:00,31,372
2025-02,BTC_USDT,2h,distribution,2025-02-01 00:00:00,2025-02-28 22:00:00,28,336
2025-03,BTC_USDT,2h,distribution,2025-03-01 00:00:00,2025-03-31 22:00:00,31,372
2025-04,BTC_USDT,2h,distribution,2025-04-01 00:00:00,2025-04-30 22:00:00,30,360
2025-05,BTC_USDT,2h,distribution,2025-05-01 00:00:00,2025-05-31 22:00:00,31,372
2025-06,BTC_USDT,2h,distribution,2025-06-01 00:00:00,2025-06-30 22:00:00,30,360
2025-07,BTC_USDT,2h,distribution,2025-07-01 00:00:00,2025-07-31 22:00:00,31,372
2025-08,BTC_USDT,2h,distribution,2025-08-01 00:00:00,2025-08-26 10:00:00,26,306
