timestamp,open,high,low,close,volume
2025-06-30 22:00:00,0.16564,0.1661,0.16481,0.16518,42997310.0
2025-07-01 00:00:00,0.16518,0.16632,0.16438,0.16515,39960817.0
2025-07-01 02:00:00,0.16514,0.16566,0.16403,0.16492,27724155.0
2025-07-01 04:00:00,0.16492,0.16493,0.16199,0.16274,52539648.0
2025-07-01 06:00:00,0.16274,0.16313,0.16117,0.16252,35983783.0
2025-07-01 08:00:00,0.16253,0.16253,0.16066,0.16132,45183566.0
2025-07-01 10:00:00,0.16132,0.16176,0.16072,0.16083,34786102.0
2025-07-01 12:00:00,0.16083,0.1612,0.15864,0.15994,69635131.0
2025-07-01 14:00:00,0.15995,0.16074,0.15845,0.15936,64434975.0
2025-07-01 16:00:00,0.15936,0.15989,0.15883,0.1595,31459252.0
2025-07-01 18:00:00,0.15951,0.15954,0.15746,0.15797,45671787.0
2025-07-01 20:00:00,0.15798,0.15893,0.15715,0.15837,28325586.0
2025-07-01 22:00:00,0.15836,0.15836,0.15674,0.15778,30646156.0
2025-07-02 00:00:00,0.15779,0.15881,0.15655,0.15873,34481768.0
2025-07-02 02:00:00,0.15874,0.15956,0.15815,0.15945,22663623.0
2025-07-02 04:00:00,0.15946,0.16085,0.15913,0.16073,37999119.0
2025-07-02 06:00:00,0.16073,0.16174,0.16042,0.16083,34940837.0
2025-07-02 08:00:00,0.16084,0.16194,0.16084,0.16103,38828401.0
2025-07-02 10:00:00,0.16104,0.16226,0.16083,0.16116,19579791.0
2025-07-02 12:00:00,0.16117,0.16249,0.16,0.16189,35648411.0
2025-07-02 14:00:00,0.16189,0.16597,0.16184,0.16582,119049953.0
2025-07-02 16:00:00,0.16582,0.17268,0.16575,0.17014,317097811.0
2025-07-02 18:00:00,0.17014,0.17188,0.17011,0.17095,72208564.0
2025-07-02 20:00:00,0.17096,0.17222,0.17078,0.17152,56099467.0
2025-07-02 22:00:00,0.17153,0.17233,0.16843,0.16869,59640209.0
2025-07-03 00:00:00,0.16868,0.1699,0.1674,0.16979,118534805.0
2025-07-03 02:00:00,0.16979,0.16987,0.16817,0.16865,31295647.0
2025-07-03 04:00:00,0.16864,0.1745,0.16841,0.17402,152755610.0
2025-07-03 06:00:00,0.17402,0.17516,0.17316,0.17451,92049446.0
2025-07-03 08:00:00,0.17452,0.17542,0.1737,0.1748,71226290.0
2025-07-03 10:00:00,0.17481,0.17495,0.17282,0.17367,79045759.0
2025-07-03 12:00:00,0.17368,0.17519,0.17067,0.17455,210320301.0
2025-07-03 14:00:00,0.17455,0.17505,0.16933,0.16962,139541594.0
2025-07-03 16:00:00,0.16961,0.17134,0.16899,0.17092,58425838.0
2025-07-03 18:00:00,0.17092,0.17215,0.17091,0.17183,18064348.0
2025-07-03 20:00:00,0.17183,0.17284,0.1718,0.1723,20153591.0
2025-07-03 22:00:00,0.17229,0.17277,0.17182,0.17201,23060412.0
2025-07-04 00:00:00,0.17201,0.17296,0.17108,0.17239,37933623.0
2025-07-04 02:00:00,0.17239,0.17272,0.17014,0.17084,60666986.0
2025-07-04 04:00:00,0.17085,0.17122,0.16911,0.16979,76031508.0
2025-07-04 06:00:00,0.16978,0.16978,0.16642,0.16661,83200597.0
2025-07-04 08:00:00,0.16661,0.16758,0.16484,0.16733,95160011.0
2025-07-04 10:00:00,0.16732,0.16781,0.16641,0.16668,23589843.0
2025-07-04 12:00:00,0.16667,0.16731,0.16425,0.16434,57410233.0
2025-07-04 14:00:00,0.16434,0.16506,0.1626,0.16316,100907830.0
2025-07-04 16:00:00,0.16315,0.16339,0.16128,0.16286,106838891.0
2025-07-04 18:00:00,0.16285,0.16285,0.16141,0.16199,41735547.0
2025-07-04 20:00:00,0.16198,0.16287,0.16179,0.16282,27337207.0
2025-07-04 22:00:00,0.16282,0.16431,0.16252,0.16288,46126874.0
2025-07-05 00:00:00,0.16289,0.16384,0.16278,0.16323,33848689.0
2025-07-05 02:00:00,0.16323,0.16467,0.1619,0.16438,44040028.0
2025-07-05 04:00:00,0.16438,0.16474,0.1633,0.16435,19473865.0
2025-07-05 06:00:00,0.16435,0.16507,0.16397,0.16443,45594802.0
2025-07-05 08:00:00,0.16444,0.16499,0.16317,0.16442,26429114.0
2025-07-05 10:00:00,0.16443,0.16468,0.16387,0.16411,9912889.0
2025-07-05 12:00:00,0.1641,0.16444,0.1634,0.16375,13147784.0
2025-07-05 14:00:00,0.16374,0.16413,0.16284,0.16299,19619178.0
2025-07-05 16:00:00,0.163,0.16371,0.16239,0.16338,21223977.0
2025-07-05 18:00:00,0.16338,0.16358,0.16219,0.16341,22268930.0
2025-07-05 20:00:00,0.16341,0.16443,0.16321,0.1643,19855245.0
2025-07-05 22:00:00,0.1643,0.16472,0.16397,0.16421,17376871.0
2025-07-06 00:00:00,0.16422,0.16456,0.16381,0.1642,28689264.0
2025-07-06 02:00:00,0.16421,0.1644,0.1633,0.16379,21762596.0
2025-07-06 04:00:00,0.16378,0.16399,0.16322,0.16333,10642682.0
2025-07-06 06:00:00,0.16333,0.16433,0.16313,0.16381,16289029.0
2025-07-06 08:00:00,0.16381,0.16407,0.16313,0.1634,17320883.0
2025-07-06 10:00:00,0.1634,0.16554,0.16326,0.16547,55288033.0
2025-07-06 12:00:00,0.16547,0.17524,0.16502,0.17305,319698154.0
2025-07-06 14:00:00,0.17306,0.174,0.16888,0.17019,172014556.0
2025-07-06 16:00:00,0.17019,0.17106,0.17016,0.17065,37964629.0
2025-07-06 18:00:00,0.17065,0.1707,0.16741,0.16942,55078044.0
2025-07-06 20:00:00,0.16942,0.17378,0.16941,0.17195,65491435.0
2025-07-06 22:00:00,0.17195,0.17345,0.17116,0.17196,79740016.0
2025-07-07 00:00:00,0.17196,0.17217,0.17016,0.1716,54817817.0
2025-07-07 02:00:00,0.1716,0.17719,0.1716,0.17501,129552864.0
2025-07-07 04:00:00,0.17502,0.17592,0.17306,0.17326,77553811.0
2025-07-07 06:00:00,0.17325,0.17436,0.17177,0.17322,98510562.0
2025-07-07 08:00:00,0.17322,0.17337,0.17118,0.17125,41751247.0
2025-07-07 10:00:00,0.17125,0.1717,0.17048,0.17094,51147737.0
2025-07-07 12:00:00,0.17095,0.17099,0.1689,0.17076,85492794.0
2025-07-07 14:00:00,0.17075,0.17086,0.16791,0.16856,81955986.0
2025-07-07 16:00:00,0.16857,0.16914,0.16626,0.16727,113259082.0
2025-07-07 18:00:00,0.16726,0.16878,0.16638,0.16795,54275343.0
2025-07-07 20:00:00,0.16794,0.16794,0.16569,0.16718,46571663.0
2025-07-07 22:00:00,0.16718,0.16804,0.16638,0.16792,25079666.0
2025-07-08 00:00:00,0.16793,0.16878,0.16646,0.16674,67227841.0
2025-07-08 02:00:00,0.16674,0.16829,0.16589,0.16795,77188889.0
2025-07-08 04:00:00,0.16795,0.16839,0.16732,0.16828,17341169.0
2025-07-08 06:00:00,0.16827,0.16897,0.1674,0.1688,35721713.0
2025-07-08 08:00:00,0.1688,0.16988,0.16802,0.16875,41413961.0
2025-07-08 10:00:00,0.16875,0.17194,0.16858,0.17095,88773586.0
2025-07-08 12:00:00,0.17096,0.17189,0.17004,0.17071,44582469.0
2025-07-08 14:00:00,0.1707,0.17079,0.16836,0.16924,62890658.0
2025-07-08 16:00:00,0.16925,0.172,0.16857,0.17122,50441721.0
2025-07-08 18:00:00,0.17123,0.1716,0.17015,0.17069,40161274.0
2025-07-08 20:00:00,0.17069,0.17104,0.16988,0.17064,20533707.0
2025-07-08 22:00:00,0.17064,0.1713,0.17047,0.17094,14690362.0
2025-07-09 00:00:00,0.17094,0.1715,0.16991,0.17063,24547535.0
2025-07-09 02:00:00,0.17064,0.17246,0.17019,0.17045,75513167.0
2025-07-09 04:00:00,0.17045,0.17362,0.1702,0.17228,63746056.0
2025-07-09 06:00:00,0.17228,0.17276,0.17163,0.17191,30576114.0
2025-07-09 08:00:00,0.17191,0.1721,0.17111,0.17169,28996054.0
2025-07-09 10:00:00,0.17169,0.17384,0.17155,0.17329,51034427.0
2025-07-09 12:00:00,0.1733,0.17479,0.17284,0.17304,106048940.0
2025-07-09 14:00:00,0.17303,0.17371,0.17123,0.17303,76003678.0
2025-07-09 16:00:00,0.17303,0.17392,0.17229,0.17278,45393435.0
2025-07-09 18:00:00,0.17279,0.17769,0.17196,0.17692,245955644.0
2025-07-09 20:00:00,0.17692,0.18661,0.17521,0.18088,367500350.0
2025-07-09 22:00:00,0.18088,0.18242,0.1805,0.18053,72881545.0
2025-07-10 00:00:00,0.18053,0.18169,0.17874,0.18089,85745231.0
2025-07-10 02:00:00,0.1809,0.18153,0.17986,0.18027,48768940.0
2025-07-10 04:00:00,0.18028,0.18135,0.17939,0.1808,48176590.0
2025-07-10 06:00:00,0.18079,0.18246,0.18018,0.18172,50418754.0
2025-07-10 08:00:00,0.18172,0.18273,0.18116,0.18129,62159752.0
2025-07-10 10:00:00,0.18129,0.18145,0.18042,0.18064,47792500.0
2025-07-10 12:00:00,0.18064,0.18099,0.17943,0.17986,59963051.0
2025-07-10 14:00:00,0.17986,0.18082,0.17889,0.18059,55293376.0
2025-07-10 16:00:00,0.18059,0.1866,0.18018,0.18612,180492043.0
2025-07-10 18:00:00,0.18613,0.18748,0.18401,0.18575,109872446.0
2025-07-10 20:00:00,0.18575,0.19326,0.18572,0.19177,220407916.0
2025-07-10 22:00:00,0.19178,0.19641,0.19137,0.19507,177051510.0
2025-07-11 00:00:00,0.19508,0.19599,0.19115,0.19578,147252115.0
2025-07-11 02:00:00,0.19578,0.1992,0.19517,0.1983,133369787.0
2025-07-11 04:00:00,0.1983,0.20139,0.19711,0.1983,176446413.0
2025-07-11 06:00:00,0.19831,0.19987,0.19498,0.19646,159202894.0
2025-07-11 08:00:00,0.19647,0.19988,0.19645,0.19887,88384840.0
2025-07-11 10:00:00,0.19886,0.2005,0.19793,0.19901,124144000.0
2025-07-11 12:00:00,0.19902,0.2045,0.19787,0.20278,227755294.0
2025-07-11 14:00:00,0.20278,0.2094,0.20022,0.20121,489301028.0
2025-07-11 16:00:00,0.20122,0.21247,0.19941,0.21081,392953059.0
2025-07-11 18:00:00,0.21081,0.21366,0.20932,0.21171,232698303.0
2025-07-11 20:00:00,0.21169,0.21172,0.20169,0.20279,142405739.0
2025-07-11 22:00:00,0.20279,0.20329,0.19628,0.20103,146318045.0
2025-07-12 00:00:00,0.20103,0.20324,0.19773,0.20255,95322950.0
2025-07-12 02:00:00,0.20254,0.20654,0.20212,0.20394,77909078.0
2025-07-12 04:00:00,0.20393,0.20476,0.20026,0.20169,88489855.0
2025-07-12 06:00:00,0.20169,0.20294,0.20046,0.20124,55980068.0
2025-07-12 08:00:00,0.20125,0.20231,0.19919,0.2022,56357068.0
2025-07-12 10:00:00,0.20219,0.20285,0.20024,0.20048,63762585.0
2025-07-12 12:00:00,0.20048,0.20074,0.19362,0.19694,204907741.0
2025-07-12 14:00:00,0.19695,0.1983,0.1919,0.19314,127109649.0
2025-07-12 16:00:00,0.19315,0.19749,0.19212,0.19728,61956940.0
2025-07-12 18:00:00,0.19728,0.19819,0.19666,0.19746,36483501.0
2025-07-12 20:00:00,0.19746,0.19749,0.19413,0.19649,38751080.0
2025-07-12 22:00:00,0.19649,0.19786,0.19493,0.19742,33297345.0
2025-07-13 00:00:00,0.19741,0.19909,0.1965,0.19834,51622388.0
2025-07-13 02:00:00,0.19834,0.19944,0.19626,0.19853,42118838.0
2025-07-13 04:00:00,0.19852,0.19927,0.19743,0.19764,37916946.0
2025-07-13 06:00:00,0.19763,0.19993,0.19758,0.19939,54543407.0
2025-07-13 08:00:00,0.19938,0.19939,0.19642,0.19711,58740432.0
2025-07-13 10:00:00,0.19711,0.19907,0.19644,0.19892,39996468.0
2025-07-13 12:00:00,0.19891,0.20157,0.19829,0.20079,101013248.0
2025-07-13 14:00:00,0.2008,0.20412,0.19964,0.20013,167853066.0
2025-07-13 16:00:00,0.20014,0.20145,0.19782,0.20078,92807355.0
2025-07-13 18:00:00,0.20078,0.2034,0.20031,0.20126,41664232.0
2025-07-13 20:00:00,0.20125,0.20198,0.19655,0.1974,65921660.0
2025-07-13 22:00:00,0.19739,0.19895,0.19576,0.19855,66607866.0
2025-07-14 00:00:00,0.19855,0.20004,0.19765,0.19943,62840491.0
2025-07-14 02:00:00,0.19943,0.2065,0.19908,0.2046,171673787.0
2025-07-14 04:00:00,0.2046,0.21097,0.20327,0.20653,260855651.0
2025-07-14 06:00:00,0.20654,0.209,0.20415,0.20768,131978440.0
2025-07-14 08:00:00,0.20769,0.2093,0.20463,0.20754,165798188.0
2025-07-14 10:00:00,0.20753,0.20806,0.20507,0.20565,138053481.0
2025-07-14 12:00:00,0.20564,0.2066,0.20333,0.2056,115432697.0
2025-07-14 14:00:00,0.2056,0.20714,0.19803,0.19931,260933905.0
2025-07-14 16:00:00,0.1993,0.20159,0.1981,0.19993,102582973.0
2025-07-14 18:00:00,0.19994,0.2,0.19717,0.19837,60730881.0
2025-07-14 20:00:00,0.19837,0.19857,0.19464,0.19813,93339996.0
2025-07-14 22:00:00,0.19812,0.19831,0.19633,0.19749,58581957.0
2025-07-15 00:00:00,0.19748,0.19842,0.19234,0.19331,116990299.0
2025-07-15 02:00:00,0.19331,0.19412,0.18842,0.19035,196623184.0
2025-07-15 04:00:00,0.19036,0.19254,0.18857,0.19157,95575056.0
2025-07-15 06:00:00,0.19158,0.19253,0.19048,0.19072,79783931.0
2025-07-15 08:00:00,0.19073,0.1924,0.1896,0.19096,70960751.0
2025-07-15 10:00:00,0.19097,0.19278,0.19071,0.192,84547751.0
2025-07-15 12:00:00,0.19201,0.19566,0.1902,0.19472,160076994.0
2025-07-15 14:00:00,0.19472,0.19578,0.18938,0.19269,153322518.0
2025-07-15 16:00:00,0.19269,0.19847,0.19236,0.19826,105846305.0
2025-07-15 18:00:00,0.19826,0.19846,0.19159,0.19189,122308555.0
2025-07-15 20:00:00,0.19188,0.19663,0.19122,0.19594,44713178.0
2025-07-15 22:00:00,0.19595,0.19934,0.195,0.19919,83105989.0
2025-07-16 00:00:00,0.1992,0.20232,0.19782,0.20022,141735772.0
2025-07-16 02:00:00,0.20021,0.20053,0.19578,0.197,112559617.0
2025-07-16 04:00:00,0.197,0.19865,0.19553,0.19766,50942172.0
2025-07-16 06:00:00,0.19765,0.2,0.19681,0.1991,66523513.0
2025-07-16 08:00:00,0.19909,0.20218,0.19832,0.20149,107573047.0
2025-07-16 10:00:00,0.2015,0.20226,0.19998,0.20078,115879145.0
2025-07-16 12:00:00,0.20078,0.20305,0.20011,0.20111,102806220.0
2025-07-16 14:00:00,0.2011,0.20675,0.19927,0.20327,226397548.0
2025-07-16 16:00:00,0.20326,0.2083,0.20221,0.20708,161601210.0
2025-07-16 18:00:00,0.20709,0.21074,0.20682,0.20877,180497986.0
2025-07-16 20:00:00,0.20877,0.22073,0.20851,0.21626,313587610.0
2025-07-16 22:00:00,0.21626,0.21868,0.21122,0.2127,205462292.0
2025-07-17 00:00:00,0.21269,0.21783,0.209,0.21162,208045051.0
2025-07-17 02:00:00,0.21163,0.21508,0.2066,0.20819,157357532.0
2025-07-17 04:00:00,0.20819,0.2122,0.20736,0.21212,107029930.0
2025-07-17 06:00:00,0.21212,0.214,0.20965,0.21207,143932017.0
2025-07-17 08:00:00,0.21207,0.2172,0.21144,0.21606,155083163.0
2025-07-17 10:00:00,0.21606,0.21699,0.21269,0.21579,148810506.0
2025-07-17 12:00:00,0.21578,0.21865,0.20935,0.21377,268146317.0
2025-07-17 14:00:00,0.21376,0.21485,0.21006,0.21381,178737340.0
2025-07-17 16:00:00,0.2138,0.21523,0.2081,0.21318,175571403.0
2025-07-17 18:00:00,0.21318,0.21574,0.21081,0.21144,119014971.0
2025-07-17 20:00:00,0.21143,0.2175,0.20779,0.21607,211863207.0
2025-07-17 22:00:00,0.21607,0.22236,0.21551,0.21826,259486490.0
2025-07-18 00:00:00,0.21826,0.23331,0.21618,0.23237,549526331.0
2025-07-18 02:00:00,0.23237,0.23783,0.22855,0.2364,308907442.0
2025-07-18 04:00:00,0.23639,0.24509,0.23352,0.2445,442399972.0
2025-07-18 06:00:00,0.2445,0.24909,0.238,0.23894,519465919.0
2025-07-18 08:00:00,0.23894,0.24259,0.23582,0.24057,332956111.0
2025-07-18 10:00:00,0.24058,0.24208,0.2371,0.23998,195725433.0
2025-07-18 12:00:00,0.23999,0.25234,0.239,0.24875,436347045.0
2025-07-18 14:00:00,0.24874,0.2542,0.23413,0.23713,645155481.0
2025-07-18 16:00:00,0.23713,0.24098,0.23432,0.23907,205990617.0
2025-07-18 18:00:00,0.23907,0.23948,0.23137,0.23403,181899667.0
2025-07-18 20:00:00,0.23403,0.23609,0.22705,0.2338,294779807.0
2025-07-18 22:00:00,0.2338,0.23673,0.2314,0.2358,100041235.0
2025-07-19 00:00:00,0.2358,0.24378,0.23558,0.24244,254980507.0
2025-07-19 02:00:00,0.24244,0.252,0.23902,0.24934,263516989.0
2025-07-19 04:00:00,0.24934,0.257,0.24886,0.25327,427831845.0
2025-07-19 06:00:00,0.25327,0.255,0.25,0.25372,177562783.0
2025-07-19 08:00:00,0.25372,0.25515,0.25047,0.25313,160210799.0
2025-07-19 10:00:00,0.25314,0.25777,0.24412,0.24494,334347970.0
2025-07-19 12:00:00,0.24495,0.2476,0.24149,0.24267,201418477.0
2025-07-19 14:00:00,0.24268,0.24342,0.23897,0.24235,185843512.0
2025-07-19 16:00:00,0.24236,0.24411,0.23978,0.24172,105531523.0
2025-07-19 18:00:00,0.24172,0.2438,0.23963,0.24269,60715963.0
2025-07-19 20:00:00,0.24268,0.24324,0.23741,0.24104,94821893.0
2025-07-19 22:00:00,0.24104,0.24248,0.23973,0.24143,65787775.0
2025-07-20 00:00:00,0.24142,0.25711,0.23998,0.25167,390079463.0
2025-07-20 02:00:00,0.25167,0.25579,0.25034,0.25521,264411348.0
2025-07-20 04:00:00,0.25521,0.25776,0.25073,0.25243,256414260.0
2025-07-20 06:00:00,0.25242,0.253,0.24889,0.25144,123873392.0
2025-07-20 08:00:00,0.25145,0.25582,0.25045,0.25053,226491269.0
2025-07-20 10:00:00,0.25053,0.25313,0.25019,0.25159,99541134.0
2025-07-20 12:00:00,0.25158,0.25524,0.25064,0.25508,134336657.0
2025-07-20 14:00:00,0.25509,0.25516,0.25001,0.25415,168893681.0
2025-07-20 16:00:00,0.25416,0.26842,0.25416,0.26272,680065142.0
2025-07-20 18:00:00,0.26272,0.2783,0.26121,0.27385,452369520.0
2025-07-20 20:00:00,0.27386,0.27473,0.26657,0.27215,191787687.0
2025-07-20 22:00:00,0.27215,0.27739,0.26255,0.27375,403701611.0
2025-07-21 00:00:00,0.27375,0.27789,0.26428,0.26695,430126886.0
2025-07-21 02:00:00,0.26696,0.27266,0.26683,0.27128,137452382.0
2025-07-21 04:00:00,0.27128,0.27434,0.26904,0.2743,123281909.0
2025-07-21 06:00:00,0.27431,0.27858,0.27177,0.27355,223003239.0
2025-07-21 08:00:00,0.27354,0.27931,0.26769,0.26901,264939432.0
2025-07-21 10:00:00,0.26901,0.27441,0.26726,0.27105,178465976.0
2025-07-21 12:00:00,0.27105,0.27573,0.26923,0.27457,221068405.0
2025-07-21 14:00:00,0.27458,0.28608,0.27221,0.28216,516434031.0
2025-07-21 16:00:00,0.28216,0.2875,0.27736,0.28001,481105516.0
2025-07-21 18:00:00,0.28002,0.28212,0.2675,0.26874,294561371.0
2025-07-21 20:00:00,0.26875,0.27162,0.26554,0.27112,143326235.0
2025-07-21 22:00:00,0.27111,0.27378,0.26944,0.27142,105445351.0
2025-07-22 00:00:00,0.27142,0.27492,0.26307,0.27264,313732630.0
2025-07-22 02:00:00,0.27265,0.27319,0.26262,0.26604,247599742.0
2025-07-22 04:00:00,0.26603,0.26672,0.25735,0.26409,365130358.0
2025-07-22 06:00:00,0.2641,0.26957,0.26313,0.26649,167023092.0
2025-07-22 08:00:00,0.26648,0.2684,0.26295,0.2659,177122559.0
2025-07-22 10:00:00,0.2659,0.26902,0.26457,0.26709,130149320.0
2025-07-22 12:00:00,0.2671,0.26769,0.26173,0.26258,180248713.0
2025-07-22 14:00:00,0.26257,0.26881,0.25923,0.26642,171332382.0
2025-07-22 16:00:00,0.26641,0.27023,0.2625,0.26516,156104173.0
2025-07-22 18:00:00,0.26515,0.26791,0.2579,0.25972,133307509.0
2025-07-22 20:00:00,0.25973,0.26699,0.25917,0.26623,75507644.0
2025-07-22 22:00:00,0.26622,0.27111,0.26622,0.27093,75032664.0
2025-07-23 00:00:00,0.27094,0.27108,0.26446,0.26754,83193168.0
2025-07-23 02:00:00,0.26753,0.26892,0.26314,0.26416,122111325.0
2025-07-23 04:00:00,0.26416,0.26695,0.2634,0.26532,73590188.0
2025-07-23 06:00:00,0.26533,0.26556,0.25866,0.26013,110875049.0
2025-07-23 08:00:00,0.26012,0.26161,0.25601,0.25711,142328918.0
2025-07-23 10:00:00,0.25711,0.25713,0.25347,0.25588,117800920.0
2025-07-23 12:00:00,0.25587,0.25626,0.24059,0.24437,546057042.0
2025-07-23 14:00:00,0.24436,0.25009,0.24352,0.24971,222109434.0
2025-07-23 16:00:00,0.2497,0.2497,0.23713,0.24212,263267513.0
2025-07-23 18:00:00,0.24212,0.24517,0.2408,0.24222,134694047.0
2025-07-23 20:00:00,0.24221,0.24405,0.2305,0.23783,313551036.0
2025-07-23 22:00:00,0.23783,0.24231,0.23526,0.24083,126720542.0
2025-07-24 00:00:00,0.24078,0.24538,0.23845,0.24461,219023341.0
2025-07-24 02:00:00,0.24461,0.24665,0.24247,0.24298,143351163.0
2025-07-24 04:00:00,0.24297,0.24431,0.229,0.22961,271776940.0
2025-07-24 06:00:00,0.22961,0.23366,0.22176,0.23299,512501938.0
2025-07-24 08:00:00,0.23298,0.23735,0.23126,0.23591,137610269.0
2025-07-24 10:00:00,0.23592,0.23981,0.23121,0.2387,167221449.0
2025-07-24 12:00:00,0.23869,0.23977,0.23421,0.23459,180615930.0
2025-07-24 14:00:00,0.2346,0.24502,0.23266,0.24005,253137336.0
2025-07-24 16:00:00,0.24005,0.24121,0.23379,0.23961,133707512.0
2025-07-24 18:00:00,0.23961,0.24159,0.23762,0.23829,93659335.0
2025-07-24 20:00:00,0.23828,0.24101,0.23544,0.23616,49317063.0
2025-07-24 22:00:00,0.23616,0.23679,0.23112,0.23218,128093811.0
2025-07-25 00:00:00,0.23219,0.23245,0.22576,0.2296,217173700.0
2025-07-25 02:00:00,0.2296,0.23155,0.2223,0.22544,241122952.0
2025-07-25 04:00:00,0.22545,0.22994,0.22267,0.22645,198332995.0
2025-07-25 06:00:00,0.22645,0.22966,0.22278,0.22587,145875512.0
2025-07-25 08:00:00,0.22588,0.23188,0.22526,0.23179,198534620.0
2025-07-25 10:00:00,0.23178,0.23334,0.23017,0.23109,152691749.0
2025-07-25 12:00:00,0.2311,0.23282,0.22845,0.2309,151330857.0
2025-07-25 14:00:00,0.2309,0.23121,0.22085,0.22435,250402748.0
2025-07-25 16:00:00,0.22436,0.22825,0.22221,0.22651,120402484.0
2025-07-25 18:00:00,0.22651,0.22923,0.22612,0.22717,79329335.0
2025-07-25 20:00:00,0.22718,0.23549,0.22703,0.2346,112218923.0
2025-07-25 22:00:00,0.23459,0.23697,0.234,0.23673,90522252.0
2025-07-26 00:00:00,0.23673,0.23676,0.23296,0.23301,83590691.0
2025-07-26 02:00:00,0.23301,0.23882,0.23301,0.23664,88069246.0
2025-07-26 04:00:00,0.23665,0.23892,0.23652,0.23812,78849566.0
2025-07-26 06:00:00,0.23813,0.23862,0.23667,0.23692,45840673.0
2025-07-26 08:00:00,0.23692,0.23922,0.23676,0.23914,47740987.0
2025-07-26 10:00:00,0.23913,0.24015,0.23563,0.23667,80604091.0
2025-07-26 12:00:00,0.23666,0.2391,0.2354,0.23795,43112678.0
2025-07-26 14:00:00,0.23796,0.2399,0.23563,0.2387,68028413.0
2025-07-26 16:00:00,0.23869,0.23958,0.23581,0.23636,47590919.0
2025-07-26 18:00:00,0.23636,0.2398,0.23442,0.23904,62376163.0
2025-07-26 20:00:00,0.23904,0.23912,0.2363,0.23776,32777414.0
2025-07-26 22:00:00,0.23775,0.24029,0.23515,0.23543,55282889.0
2025-07-27 00:00:00,0.23544,0.23886,0.23488,0.23764,70651740.0
2025-07-27 02:00:00,0.23764,0.24001,0.23674,0.23924,54764563.0
2025-07-27 04:00:00,0.23924,0.24339,0.2385,0.24169,100485854.0
2025-07-27 06:00:00,0.24169,0.24171,0.23628,0.23698,80328865.0
2025-07-27 08:00:00,0.23698,0.23734,0.23432,0.23552,123191088.0
2025-07-27 10:00:00,0.23552,0.23944,0.23548,0.23651,80831404.0
2025-07-27 12:00:00,0.23651,0.23915,0.23532,0.23717,61928342.0
2025-07-27 14:00:00,0.23717,0.23873,0.23451,0.2368,80493119.0
2025-07-27 16:00:00,0.2368,0.24195,0.23663,0.23965,173026150.0
2025-07-27 18:00:00,0.23965,0.2415,0.23882,0.23957,68112356.0
2025-07-27 20:00:00,0.23957,0.24109,0.23753,0.24057,33219455.0
2025-07-27 22:00:00,0.24058,0.24372,0.23942,0.24071,111284499.0
2025-07-28 00:00:00,0.24071,0.24482,0.23787,0.23889,131510354.0
2025-07-28 02:00:00,0.23888,0.24567,0.23813,0.24477,181315026.0
2025-07-28 04:00:00,0.24477,0.24859,0.24295,0.24758,149848498.0
2025-07-28 06:00:00,0.24759,0.24818,0.24144,0.24333,132006936.0
2025-07-28 08:00:00,0.24332,0.24404,0.24026,0.24225,102801594.0
2025-07-28 10:00:00,0.24225,0.24269,0.23966,0.24157,70217144.0
2025-07-28 12:00:00,0.24157,0.24287,0.23562,0.23686,158805878.0
2025-07-28 14:00:00,0.23685,0.238,0.23063,0.23221,243423486.0
2025-07-28 16:00:00,0.23221,0.23389,0.23011,0.23068,109549305.0
2025-07-28 18:00:00,0.23067,0.23111,0.22744,0.22961,149023500.0
2025-07-28 20:00:00,0.22962,0.22989,0.22602,0.22773,79510903.0
2025-07-28 22:00:00,0.22773,0.22844,0.22426,0.22615,112299502.0
2025-07-29 00:00:00,0.22616,0.22842,0.22231,0.22452,156364771.0
2025-07-29 02:00:00,0.22452,0.2275,0.22239,0.227,119611771.0
2025-07-29 04:00:00,0.22701,0.22859,0.22566,0.22858,78757161.0
2025-07-29 06:00:00,0.22858,0.23276,0.22781,0.23179,104068725.0
2025-07-29 08:00:00,0.2318,0.23227,0.22841,0.229,75228776.0
2025-07-29 10:00:00,0.229,0.22921,0.22525,0.22764,76571430.0
2025-07-29 12:00:00,0.22764,0.23102,0.22652,0.22738,88083712.0
2025-07-29 14:00:00,0.22739,0.22759,0.22061,0.22269,174794823.0
2025-07-29 16:00:00,0.22268,0.22455,0.21744,0.223,148974740.0
2025-07-29 18:00:00,0.22299,0.22415,0.22069,0.22143,63376421.0
2025-07-29 20:00:00,0.22142,0.22391,0.21933,0.22318,65292695.0
2025-07-29 22:00:00,0.22318,0.22444,0.22145,0.22392,41439402.0
2025-07-30 00:00:00,0.22392,0.2257,0.22109,0.22481,70132674.0
2025-07-30 02:00:00,0.2248,0.22655,0.22379,0.22442,43837783.0
2025-07-30 04:00:00,0.22441,0.22517,0.22127,0.22355,50538905.0
2025-07-30 06:00:00,0.22356,0.22434,0.2213,0.22196,39707063.0
2025-07-30 08:00:00,0.22195,0.22352,0.21954,0.22028,78451755.0
2025-07-30 10:00:00,0.22028,0.22227,0.21482,0.21608,143493859.0
2025-07-30 12:00:00,0.21608,0.21825,0.2143,0.21766,172600802.0
2025-07-30 14:00:00,0.21767,0.22307,0.21683,0.22142,113340181.0
2025-07-30 16:00:00,0.22143,0.22375,0.22052,0.22301,65732194.0
2025-07-30 18:00:00,0.22302,0.22451,0.209,0.21732,325648058.0
2025-07-30 20:00:00,0.21731,0.21977,0.21543,0.21748,66817956.0
2025-07-30 22:00:00,0.21747,0.22058,0.21626,0.21999,47579913.0
2025-07-31 00:00:00,0.21998,0.22295,0.21898,0.2216,61926474.0
2025-07-31 02:00:00,0.2216,0.22384,0.22108,0.22306,62913499.0
2025-07-31 04:00:00,0.22306,0.22384,0.2221,0.22308,46633541.0
2025-07-31 06:00:00,0.22307,0.22432,0.22248,0.22356,38902392.0
2025-07-31 08:00:00,0.22356,0.22566,0.22328,0.22525,47294795.0
2025-07-31 10:00:00,0.22525,0.2254,0.22148,0.22224,44422091.0
2025-07-31 12:00:00,0.22225,0.22258,0.21745,0.2187,93590527.0
2025-07-31 14:00:00,0.2187,0.21941,0.21468,0.21763,99372171.0
2025-07-31 16:00:00,0.21762,0.22138,0.21553,0.216,80288781.0
2025-07-31 18:00:00,0.216,0.21725,0.21281,0.21379,68421504.0
2025-07-31 20:00:00,0.21379,0.21469,0.21094,0.21279,75110693.0
2025-07-31 22:00:00,0.2128,0.21281,0.20814,0.20974,125007847.0
2025-08-01 00:00:00,0.20975,0.2101,0.20335,0.20737,291901245.0
2025-08-01 02:00:00,0.20736,0.21059,0.20656,0.20912,94471698.0
2025-08-01 04:00:00,0.20912,0.20913,0.20525,0.20612,83620884.0
2025-08-01 06:00:00,0.20612,0.20679,0.20388,0.20597,121416549.0
2025-08-01 08:00:00,0.20596,0.20625,0.20088,0.20432,198396802.0
2025-08-01 10:00:00,0.20433,0.20757,0.20416,0.20755,59638154.0
2025-08-01 12:00:00,0.20754,0.20963,0.20253,0.20393,167266220.0
2025-08-01 14:00:00,0.20393,0.21025,0.20196,0.20962,202554146.0
2025-08-01 16:00:00,0.20961,0.2125,0.20491,0.20606,134489622.0
2025-08-01 18:00:00,0.20606,0.20922,0.2038,0.2084,121762732.0
2025-08-01 20:00:00,0.2084,0.20883,0.20159,0.20552,143052692.0
2025-08-01 22:00:00,0.20553,0.20567,0.19583,0.20097,317867060.0
2025-08-02 00:00:00,0.20098,0.203,0.20016,0.20246,126826446.0
2025-08-02 02:00:00,0.20245,0.20293,0.20157,0.2023,26982254.0
2025-08-02 04:00:00,0.20229,0.20352,0.20169,0.20218,38130453.0
2025-08-02 06:00:00,0.20217,0.20232,0.19446,0.20018,274257421.0
2025-08-02 08:00:00,0.20018,0.201,0.19821,0.1995,58906907.0
2025-08-02 10:00:00,0.1995,0.20064,0.19721,0.19973,41558231.0
2025-08-02 12:00:00,0.19973,0.20008,0.19766,0.19942,65178135.0
2025-08-02 14:00:00,0.19942,0.19959,0.19364,0.19456,138290134.0
2025-08-02 16:00:00,0.19457,0.19734,0.19129,0.19272,130526909.0
2025-08-02 18:00:00,0.19271,0.19476,0.18959,0.19242,242795776.0
2025-08-02 20:00:00,0.19241,0.19474,0.19201,0.19328,56700246.0
2025-08-02 22:00:00,0.19328,0.1943,0.18944,0.19098,140001147.0
2025-08-03 00:00:00,0.19098,0.19541,0.18845,0.19464,186409912.0
2025-08-03 02:00:00,0.19463,0.19646,0.19462,0.1958,70544587.0
2025-08-03 04:00:00,0.1958,0.19636,0.19496,0.19563,45209872.0
2025-08-03 06:00:00,0.19564,0.19691,0.19511,0.1963,38139455.0
2025-08-03 08:00:00,0.1963,0.19702,0.19556,0.1969,29784881.0
2025-08-03 10:00:00,0.19691,0.1995,0.19683,0.19782,79048317.0
2025-08-03 12:00:00,0.19782,0.19931,0.19719,0.19832,57917405.0
2025-08-03 14:00:00,0.19832,0.1991,0.19677,0.19893,75922016.0
2025-08-03 16:00:00,0.19892,0.20023,0.19782,0.19951,58761565.0
2025-08-03 18:00:00,0.19952,0.20007,0.1984,0.19892,42847077.0
2025-08-03 20:00:00,0.19893,0.19955,0.19801,0.19943,23134817.0
2025-08-03 22:00:00,0.19943,0.20047,0.19794,0.19876,35909053.0
2025-08-04 00:00:00,0.19875,0.20297,0.1985,0.20114,124639547.0
2025-08-04 02:00:00,0.20114,0.2029,0.19993,0.20171,43087887.0
2025-08-04 04:00:00,0.20171,0.2023,0.19957,0.20066,44250498.0
2025-08-04 06:00:00,0.20065,0.20393,0.19958,0.20311,160230924.0
2025-08-04 08:00:00,0.2031,0.20406,0.20099,0.20125,72180393.0
2025-08-04 10:00:00,0.20125,0.20252,0.20026,0.20104,54519216.0
2025-08-04 12:00:00,0.20105,0.20429,0.20047,0.20412,73726315.0
2025-08-04 14:00:00,0.20412,0.20629,0.20303,0.20385,160810348.0
2025-08-04 16:00:00,0.20385,0.20982,0.20385,0.20642,125470032.0
2025-08-04 18:00:00,0.20641,0.20689,0.20405,0.20467,55452761.0
2025-08-04 20:00:00,0.20467,0.20955,0.20436,0.20884,46624857.0
2025-08-04 22:00:00,0.20885,0.21127,0.20885,0.21039,55582917.0
2025-08-05 00:00:00,0.21038,0.21106,0.2083,0.20851,62865028.0
2025-08-05 02:00:00,0.20851,0.20928,0.20611,0.2064,64362735.0
2025-08-05 04:00:00,0.20641,0.20709,0.20564,0.20656,40688127.0
2025-08-05 06:00:00,0.20656,0.20748,0.20151,0.20187,90669834.0
2025-08-05 08:00:00,0.20186,0.20681,0.20129,0.2067,62206826.0
2025-08-05 10:00:00,0.2067,0.20885,0.20555,0.20744,56264921.0
2025-08-05 12:00:00,0.20744,0.20767,0.20282,0.2045,88006751.0
2025-08-05 14:00:00,0.2045,0.2045,0.19729,0.19823,187446359.0
2025-08-05 16:00:00,0.19823,0.20017,0.19776,0.19996,62970094.0
2025-08-05 18:00:00,0.19995,0.19995,0.19682,0.19786,47445983.0
2025-08-05 20:00:00,0.19786,0.19966,0.19729,0.19758,31632130.0
2025-08-05 22:00:00,0.19758,0.20035,0.19602,0.19981,49465003.0
2025-08-06 00:00:00,0.19982,0.19988,0.19666,0.19836,49331553.0
2025-08-06 02:00:00,0.19836,0.19837,0.19599,0.19642,35780116.0
2025-08-06 04:00:00,0.19642,0.20145,0.1956,0.2001,83453336.0
2025-08-06 06:00:00,0.20011,0.2024,0.19886,0.20139,45371317.0
2025-08-06 08:00:00,0.20139,0.2016,0.19877,0.20093,51908995.0
2025-08-06 10:00:00,0.20093,0.20202,0.19961,0.20048,40754619.0
2025-08-06 12:00:00,0.20049,0.2012,0.19851,0.20061,65174416.0
2025-08-06 14:00:00,0.20061,0.20571,0.19959,0.20524,110567111.0
2025-08-06 16:00:00,0.20525,0.20623,0.20316,0.206,59588493.0
2025-08-06 18:00:00,0.20599,0.20716,0.20495,0.20583,40435750.0
2025-08-06 20:00:00,0.20584,0.20584,0.20447,0.20557,20398597.0
2025-08-06 22:00:00,0.20557,0.20585,0.20484,0.20524,22162387.0
2025-08-07 00:00:00,0.20525,0.20659,0.20393,0.20445,38226681.0
2025-08-07 02:00:00,0.20444,0.20514,0.20331,0.20391,54620257.0
2025-08-07 04:00:00,0.20392,0.20553,0.20383,0.20551,23684283.0
2025-08-07 06:00:00,0.20551,0.20664,0.2053,0.20578,56454929.0
2025-08-07 08:00:00,0.20577,0.20691,0.20529,0.20621,55956684.0
2025-08-07 10:00:00,0.20621,0.21491,0.20607,0.21426,302820054.0
2025-08-07 12:00:00,0.21425,0.21613,0.21274,0.21444,162242791.0
2025-08-07 14:00:00,0.21444,0.21461,0.21216,0.21434,113729568.0
2025-08-07 16:00:00,0.21433,0.21486,0.21014,0.21306,85201000.0
2025-08-07 18:00:00,0.21306,0.21833,0.21205,0.21725,63455077.0
2025-08-07 20:00:00,0.21725,0.21996,0.21638,0.21927,72026874.0
2025-08-07 22:00:00,0.21928,0.22304,0.21928,0.22228,94467184.0
2025-08-08 00:00:00,0.22228,0.22485,0.21953,0.22125,224499569.0
2025-08-08 02:00:00,0.22125,0.22426,0.22072,0.22288,95613653.0
2025-08-08 04:00:00,0.22288,0.22303,0.22011,0.22015,60291421.0
2025-08-08 06:00:00,0.22015,0.22512,0.21967,0.22456,72293021.0
2025-08-08 08:00:00,0.22455,0.22684,0.22148,0.22283,88971771.0
2025-08-08 10:00:00,0.22283,0.22369,0.22173,0.22362,48274478.0
2025-08-08 12:00:00,0.22362,0.228,0.2214,0.22776,71744693.0
2025-08-08 14:00:00,0.22777,0.22943,0.21967,0.22125,163647089.0
2025-08-08 16:00:00,0.22125,0.22838,0.22077,0.22823,88058530.0
2025-08-08 18:00:00,0.22824,0.22987,0.22631,0.22916,104929858.0
2025-08-08 20:00:00,0.22916,0.23005,0.22714,0.22933,74628246.0
2025-08-08 22:00:00,0.22932,0.23254,0.22872,0.23039,113494897.0
2025-08-09 00:00:00,0.23039,0.23389,0.22972,0.23196,95386053.0
2025-08-09 02:00:00,0.23196,0.23264,0.22975,0.23026,62761634.0
2025-08-09 04:00:00,0.23026,0.23622,0.22978,0.23567,134046745.0
2025-08-09 06:00:00,0.23567,0.2367,0.2339,0.2358,106080019.0
2025-08-09 08:00:00,0.2358,0.23838,0.23513,0.23746,97533855.0
2025-08-09 10:00:00,0.23747,0.2388,0.23628,0.23776,96595586.0
2025-08-09 12:00:00,0.23776,0.24454,0.237,0.23756,218471016.0
2025-08-09 14:00:00,0.23756,0.24151,0.23581,0.24077,144431566.0
2025-08-09 16:00:00,0.24077,0.24652,0.24032,0.24487,213131522.0
2025-08-09 18:00:00,0.24488,0.24676,0.24242,0.243,100124405.0
2025-08-09 20:00:00,0.243,0.24512,0.24108,0.24229,104532449.0
2025-08-09 22:00:00,0.24228,0.2437,0.23945,0.23995,86986632.0
2025-08-10 00:00:00,0.23995,0.24344,0.2392,0.24124,78263616.0
2025-08-10 02:00:00,0.24125,0.24348,0.23876,0.24263,133049380.0
2025-08-10 04:00:00,0.24262,0.24346,0.23781,0.23803,84443927.0
2025-08-10 06:00:00,0.23803,0.2383,0.23138,0.23242,186043272.0
2025-08-10 08:00:00,0.23243,0.23457,0.22941,0.23361,117187059.0
2025-08-10 10:00:00,0.23361,0.234,0.23068,0.23097,65137113.0
2025-08-10 12:00:00,0.23097,0.23305,0.23006,0.23026,48414851.0
2025-08-10 14:00:00,0.23025,0.23492,0.22953,0.23257,201641332.0
2025-08-10 16:00:00,0.23257,0.23474,0.232,0.23368,56874624.0
2025-08-10 18:00:00,0.23369,0.23554,0.23362,0.23498,30337651.0
2025-08-10 20:00:00,0.23498,0.23517,0.23103,0.23306,63191863.0
2025-08-10 22:00:00,0.23308,0.23444,0.23209,0.23385,36325043.0
2025-08-11 00:00:00,0.23385,0.23665,0.23219,0.23614,77360251.0
2025-08-11 02:00:00,0.23613,0.24179,0.23596,0.23934,197546445.0
2025-08-11 04:00:00,0.23933,0.24132,0.23752,0.23833,119002750.0
2025-08-11 06:00:00,0.23833,0.23907,0.2332,0.23339,128636294.0
2025-08-11 08:00:00,0.23339,0.23673,0.23178,0.23423,88139705.0
2025-08-11 10:00:00,0.23424,0.23444,0.22692,0.2283,167837172.0
2025-08-11 12:00:00,0.22829,0.23091,0.22562,0.22938,174169324.0
2025-08-11 14:00:00,0.22938,0.2316,0.22714,0.23153,142135227.0
2025-08-11 16:00:00,0.23154,0.2338,0.22909,0.23022,94691404.0
2025-08-11 18:00:00,0.23024,0.23163,0.22593,0.22746,101032456.0
2025-08-11 20:00:00,0.22744,0.2279,0.22258,0.22427,77784095.0
2025-08-11 22:00:00,0.22427,0.22456,0.22117,0.22207,70215148.0
2025-08-12 00:00:00,0.22208,0.22558,0.22188,0.22519,73191517.0
2025-08-12 02:00:00,0.2252,0.22745,0.22421,0.22454,94398940.0
2025-08-12 04:00:00,0.22453,0.22645,0.22244,0.22358,59317063.0
2025-08-12 06:00:00,0.22357,0.22549,0.2213,0.22521,69613459.0
2025-08-12 08:00:00,0.22521,0.2256,0.22186,0.22209,61297390.0
2025-08-12 10:00:00,0.22209,0.22234,0.21865,0.22148,121428873.0
2025-08-12 12:00:00,0.22148,0.22791,0.22063,0.22391,296570258.0
2025-08-12 14:00:00,0.22391,0.22997,0.2233,0.22958,136462953.0
2025-08-12 16:00:00,0.22959,0.2334,0.22802,0.23156,156555425.0
2025-08-12 18:00:00,0.23157,0.23611,0.23127,0.23576,99964668.0
2025-08-12 20:00:00,0.23577,0.23835,0.235,0.23601,126339950.0
2025-08-12 22:00:00,0.23603,0.23749,0.23477,0.23582,84041321.0
2025-08-13 00:00:00,0.23582,0.23818,0.23229,0.23307,123244892.0
2025-08-13 02:00:00,0.23306,0.24,0.23132,0.23819,180501217.0
2025-08-13 04:00:00,0.2382,0.24072,0.23529,0.23563,195306669.0
2025-08-13 06:00:00,0.23562,0.24496,0.23451,0.24488,302033134.0
2025-08-13 08:00:00,0.24488,0.25058,0.24454,0.2496,350356665.0
2025-08-13 10:00:00,0.2496,0.24964,0.24561,0.24663,126529103.0
2025-08-13 12:00:00,0.24663,0.24866,0.24217,0.24479,225246403.0
2025-08-13 14:00:00,0.24479,0.24539,0.23916,0.24122,253460581.0
2025-08-13 16:00:00,0.24122,0.24383,0.24027,0.24307,118062071.0
2025-08-13 18:00:00,0.24307,0.24425,0.24034,0.2439,75758276.0
2025-08-13 20:00:00,0.24389,0.24457,0.24194,0.24317,58986756.0
2025-08-13 22:00:00,0.24319,0.24626,0.24282,0.24482,94627856.0
2025-08-14 00:00:00,0.24483,0.24913,0.24262,0.24679,220155276.0
2025-08-14 02:00:00,0.24679,0.25574,0.24659,0.2527,318455900.0
2025-08-14 04:00:00,0.25269,0.25457,0.24708,0.24814,155575823.0
2025-08-14 06:00:00,0.24813,0.2486,0.24336,0.24503,198044135.0
2025-08-14 08:00:00,0.24504,0.24511,0.24044,0.24244,177856484.0
2025-08-14 10:00:00,0.24244,0.2425,0.23624,0.23797,235231571.0
2025-08-14 12:00:00,0.23797,0.23926,0.21839,0.22653,884725762.0
2025-08-14 14:00:00,0.22654,0.22939,0.22483,0.22542,231942873.0
2025-08-14 16:00:00,0.22541,0.22552,0.22151,0.22384,260938979.0
2025-08-14 18:00:00,0.22383,0.22508,0.2208,0.22348,131312833.0
2025-08-14 20:00:00,0.22348,0.22377,0.21578,0.21996,323194504.0
2025-08-14 22:00:00,0.21995,0.2243,0.21838,0.22382,100944769.0
2025-08-15 00:00:00,0.22381,0.22639,0.22286,0.22602,130090407.0
2025-08-15 02:00:00,0.22601,0.23,0.22538,0.22989,128368237.0
2025-08-15 04:00:00,0.22988,0.23265,0.22744,0.23124,127608097.0
2025-08-15 06:00:00,0.23124,0.23299,0.22909,0.23059,127254195.0
2025-08-15 08:00:00,0.23057,0.23215,0.22882,0.23005,108409816.0
2025-08-15 10:00:00,0.23006,0.23278,0.2295,0.22974,107777083.0
2025-08-15 12:00:00,0.22974,0.23227,0.22607,0.2273,237127969.0
2025-08-15 14:00:00,0.22729,0.22928,0.22097,0.22231,240446436.0
2025-08-15 16:00:00,0.22231,0.22538,0.22006,0.22427,185477894.0
2025-08-15 18:00:00,0.22427,0.22483,0.22115,0.22178,72897572.0
2025-08-15 20:00:00,0.22178,0.22978,0.22075,0.22978,131434655.0
2025-08-15 22:00:00,0.22978,0.23185,0.22686,0.22886,99399954.0
2025-08-16 00:00:00,0.22885,0.23622,0.2281,0.23435,177369184.0
2025-08-16 02:00:00,0.23434,0.23497,0.23184,0.23271,84612770.0
2025-08-16 04:00:00,0.2327,0.23383,0.23061,0.23119,74515473.0
2025-08-16 06:00:00,0.23119,0.23364,0.22964,0.2331,92396805.0
2025-08-16 08:00:00,0.23311,0.23497,0.23122,0.23123,123313739.0
2025-08-16 10:00:00,0.23124,0.23251,0.22711,0.22724,125715310.0
2025-08-16 12:00:00,0.22724,0.23027,0.22522,0.22706,105334147.0
2025-08-16 14:00:00,0.22706,0.22977,0.22672,0.22863,67308591.0
2025-08-16 16:00:00,0.22863,0.23118,0.22801,0.22894,117176697.0
2025-08-16 18:00:00,0.22893,0.23055,0.22829,0.22932,27035049.0
2025-08-16 20:00:00,0.22932,0.23068,0.22886,0.22981,31128025.0
2025-08-16 22:00:00,0.22982,0.23152,0.22914,0.23115,35531674.0
2025-08-17 00:00:00,0.23115,0.23197,0.22835,0.23121,51671631.0
2025-08-17 02:00:00,0.23121,0.23448,0.23033,0.23359,86195817.0
2025-08-17 04:00:00,0.23359,0.23605,0.23354,0.23369,112774527.0
2025-08-17 06:00:00,0.2337,0.23446,0.23227,0.23282,103778247.0
2025-08-17 08:00:00,0.23282,0.23561,0.2324,0.2337,83717417.0
2025-08-17 10:00:00,0.2337,0.23476,0.23256,0.23457,52748839.0
2025-08-17 12:00:00,0.23457,0.23496,0.23219,0.23443,76097417.0
2025-08-17 14:00:00,0.23444,0.24237,0.23309,0.24161,206831062.0
2025-08-17 16:00:00,0.2416,0.24259,0.23545,0.23584,164493295.0
2025-08-17 18:00:00,0.23585,0.23644,0.23064,0.23227,125894946.0
2025-08-17 20:00:00,0.23227,0.23422,0.23185,0.23336,51452347.0
2025-08-17 22:00:00,0.23336,0.23821,0.23315,0.23456,94323246.0
2025-08-18 00:00:00,0.23457,0.23553,0.22812,0.22866,132777190.0
2025-08-18 02:00:00,0.22866,0.22903,0.22242,0.22437,245301494.0
2025-08-18 04:00:00,0.22436,0.22649,0.22252,0.22479,109608140.0
2025-08-18 06:00:00,0.2248,0.2248,0.2206,0.22176,150696814.0
2025-08-18 08:00:00,0.22176,0.2235,0.21992,0.22258,152044309.0
2025-08-18 10:00:00,0.22258,0.22301,0.22109,0.22178,119322463.0
2025-08-18 12:00:00,0.22178,0.22461,0.22052,0.22065,235487555.0
2025-08-18 14:00:00,0.22065,0.22409,0.22038,0.22358,209867727.0
2025-08-18 16:00:00,0.22358,0.22549,0.22075,0.22328,201245372.0
2025-08-18 18:00:00,0.22329,0.22463,0.22206,0.22381,81143644.0
2025-08-18 20:00:00,0.2238,0.22542,0.22204,0.22497,80473868.0
2025-08-18 22:00:00,0.22497,0.22693,0.22179,0.22262,109139116.0
2025-08-19 00:00:00,0.22262,0.22567,0.21918,0.22189,116483989.0
2025-08-19 02:00:00,0.22188,0.22245,0.21567,0.21638,164097029.0
2025-08-19 04:00:00,0.21638,0.21835,0.21435,0.21702,158890174.0
2025-08-19 06:00:00,0.21701,0.21841,0.21624,0.21776,87992897.0
2025-08-19 08:00:00,0.21775,0.21992,0.21624,0.21873,138401134.0
2025-08-19 10:00:00,0.21873,0.22067,0.21839,0.2203,112245806.0
2025-08-19 12:00:00,0.2203,0.22235,0.21825,0.21981,151739781.0
2025-08-19 14:00:00,0.2198,0.22076,0.21369,0.21441,282265059.0
2025-08-19 16:00:00,0.2144,0.21491,0.21156,0.21371,192506270.0
2025-08-19 18:00:00,0.2137,0.21437,0.21043,0.21205,167412134.0
2025-08-19 20:00:00,0.21205,0.21427,0.21112,0.21379,83663587.0
2025-08-19 22:00:00,0.21379,0.21379,0.20869,0.20943,142396401.0
2025-08-20 00:00:00,0.20944,0.21212,0.20804,0.21089,200312388.0
2025-08-20 02:00:00,0.2109,0.21327,0.21025,0.21181,204795908.0
2025-08-20 04:00:00,0.21182,0.21366,0.21172,0.21333,309451860.0
2025-08-20 06:00:00,0.21332,0.21413,0.21155,0.21264,422986867.0
2025-08-20 08:00:00,0.21264,0.21526,0.21232,0.21431,91828281.0
2025-08-20 10:00:00,0.21432,0.21576,0.21132,0.21404,73102443.0
2025-08-20 12:00:00,0.21404,0.21606,0.20925,0.21006,127835153.0
2025-08-20 14:00:00,0.21005,0.218,0.20747,0.21507,226448123.0
2025-08-20 16:00:00,0.21506,0.22032,0.21506,0.21925,185650956.0
2025-08-20 18:00:00,0.21926,0.22174,0.21575,0.22132,96714380.0
2025-08-20 20:00:00,0.22132,0.2227,0.22046,0.22181,111038085.0
2025-08-20 22:00:00,0.22181,0.22287,0.22126,0.22169,51942705.0
2025-08-21 00:00:00,0.22168,0.22375,0.22022,0.2235,79636622.0
2025-08-21 02:00:00,0.22349,0.2245,0.21949,0.222,109013710.0
2025-08-21 04:00:00,0.222,0.22416,0.22106,0.2241,61299899.0
2025-08-21 06:00:00,0.2241,0.22414,0.2199,0.22142,95940544.0
2025-08-21 08:00:00,0.22142,0.2218,0.21797,0.21813,80646598.0
2025-08-21 10:00:00,0.21812,0.21916,0.2167,0.21759,49704447.0
2025-08-21 12:00:00,0.21759,0.21901,0.21562,0.21726,124410789.0
2025-08-21 14:00:00,0.21727,0.2207,0.21451,0.2155,157195156.0
2025-08-21 16:00:00,0.2155,0.21719,0.21452,0.21627,69943952.0
2025-08-21 18:00:00,0.21627,0.21827,0.21465,0.21515,62995384.0
2025-08-21 20:00:00,0.21515,0.21726,0.21388,0.21667,53780795.0
2025-08-21 22:00:00,0.21667,0.21757,0.214,0.21473,39066518.0
2025-08-22 00:00:00,0.21473,0.21742,0.21456,0.2166,49726501.0
2025-08-22 02:00:00,0.2166,0.2192,0.21517,0.21576,84659218.0
2025-08-22 04:00:00,0.21576,0.21856,0.21574,0.2177,56235334.0
2025-08-22 06:00:00,0.21769,0.21873,0.2152,0.21794,81220486.0
2025-08-22 08:00:00,0.21795,0.21909,0.21648,0.21723,62412520.0
2025-08-22 10:00:00,0.21723,0.21725,0.2118,0.21198,101939617.0
2025-08-22 12:00:00,0.21199,0.21434,0.20828,0.21206,261723348.0
2025-08-22 14:00:00,0.21207,0.23371,0.21207,0.23013,978067944.0
2025-08-22 16:00:00,0.23013,0.23934,0.2301,0.23773,356711685.0
2025-08-22 18:00:00,0.23773,0.23979,0.2362,0.23876,128974523.0
2025-08-22 20:00:00,0.23876,0.24222,0.23865,0.2413,175810836.0
2025-08-22 22:00:00,0.2413,0.24189,0.23895,0.24054,133132929.0
2025-08-23 00:00:00,0.24054,0.2409,0.23312,0.23525,232695633.0
2025-08-23 02:00:00,0.23525,0.23569,0.22902,0.23155,240371767.0
2025-08-23 04:00:00,0.23156,0.23824,0.23133,0.23779,179386834.0
2025-08-23 06:00:00,0.23779,0.23937,0.23642,0.23722,131853588.0
2025-08-23 08:00:00,0.23722,0.23978,0.23692,0.23818,129179098.0
2025-08-23 10:00:00,0.23818,0.23835,0.23549,0.23616,79972015.0
2025-08-23 12:00:00,0.23616,0.23903,0.23444,0.23523,126839919.0
2025-08-23 14:00:00,0.23524,0.23715,0.2344,0.23645,95514672.0
2025-08-23 16:00:00,0.23646,0.23755,0.23552,0.23654,78689025.0
2025-08-23 18:00:00,0.23655,0.23758,0.23635,0.23736,21553985.0
2025-08-23 20:00:00,0.23735,0.23753,0.2339,0.23481,40130465.0
2025-08-23 22:00:00,0.23481,0.23679,0.23479,0.23631,27506142.0
2025-08-24 00:00:00,0.23631,0.23833,0.23589,0.23707,55796561.0
2025-08-24 02:00:00,0.23708,0.2379,0.235,0.2366,55337600.0
2025-08-24 04:00:00,0.23661,0.2371,0.23481,0.23514,28471945.0
2025-08-24 06:00:00,0.23514,0.23519,0.23193,0.23223,90194377.0
2025-08-24 08:00:00,0.23223,0.2332,0.23134,0.23198,65298871.0
2025-08-24 10:00:00,0.23198,0.23218,0.22826,0.22956,109123667.0
2025-08-24 12:00:00,0.22956,0.23141,0.2292,0.23017,80803062.0
2025-08-24 14:00:00,0.23017,0.23402,0.22925,0.23126,122365647.0
2025-08-24 16:00:00,0.23126,0.23677,0.23039,0.23552,95964259.0
2025-08-24 18:00:00,0.23552,0.24496,0.22927,0.23418,580247037.0
2025-08-24 20:00:00,0.23418,0.23518,0.22858,0.23328,332304438.0
2025-08-24 22:00:00,0.23328,0.23353,0.22761,0.23182,142708968.0
2025-08-25 00:00:00,0.23182,0.23309,0.22542,0.22979,211032828.0
2025-08-25 02:00:00,0.22978,0.23459,0.22964,0.23088,112972894.0
2025-08-25 04:00:00,0.23088,0.23138,0.2266,0.22675,97388449.0
2025-08-25 06:00:00,0.22673,0.22702,0.21983,0.22077,211078893.0
2025-08-25 08:00:00,0.22077,0.22167,0.21915,0.22111,145965055.0
2025-08-25 10:00:00,0.22112,0.22112,0.21691,0.21967,168387368.0
2025-08-25 12:00:00,0.21967,0.22092,0.21742,0.21896,206279630.0
2025-08-25 14:00:00,0.21896,0.22117,0.21793,0.21849,118273157.0
2025-08-25 16:00:00,0.2185,0.22043,0.21659,0.21854,106041462.0
2025-08-25 18:00:00,0.21855,0.21909,0.21344,0.2138,154864748.0
2025-08-25 20:00:00,0.21381,0.21467,0.20585,0.20748,459587315.0
2025-08-25 22:00:00,0.20749,0.21024,0.20708,0.20965,165501472.0
2025-08-26 00:00:00,0.20965,0.21112,0.20711,0.21109,200529409.0
2025-08-26 02:00:00,0.21109,0.21205,0.20864,0.20978,149444348.0
2025-08-26 04:00:00,0.20979,0.21223,0.20975,0.21089,65417348.0
2025-08-26 06:00:00,0.21088,0.21266,0.20916,0.21126,86363284.0
2025-08-26 08:00:00,0.21126,0.21191,0.21014,0.2107,54334767.0
2025-08-26 10:00:00,0.2107,0.2121,0.20944,0.2105,67192323.0
2025-08-26 12:00:00,0.21051,0.21508,0.20931,0.21199,226427288.0
2025-08-26 14:00:00,0.212,0.21533,0.21073,0.21266,136358858.0
2025-08-26 16:00:00,0.21266,0.21568,0.21246,0.21543,81533932.0
2025-08-26 18:00:00,0.21544,0.21982,0.21537,0.21942,78442739.0
2025-08-26 20:00:00,0.21942,0.21952,0.21731,0.21921,62338833.0
2025-08-26 22:00:00,0.21921,0.21999,0.21819,0.21839,53107066.0
2025-08-27 00:00:00,0.21839,0.21904,0.21606,0.21863,62744019.0
2025-08-27 02:00:00,0.21864,0.22201,0.21782,0.22126,160071524.0
2025-08-27 04:00:00,0.22124,0.22323,0.22086,0.22124,102807635.0
2025-08-27 06:00:00,0.22125,0.22136,0.21811,0.21882,69224981.0
2025-08-27 08:00:00,0.21883,0.22123,0.2174,0.22016,66424346.0
2025-08-27 10:00:00,0.22017,0.22113,0.21952,0.22037,65590972.0
2025-08-27 12:00:00,0.22036,0.22102,0.21781,0.21929,101901435.0
2025-08-27 14:00:00,0.2193,0.2228,0.21853,0.22163,119687035.0
2025-08-27 16:00:00,0.22163,0.22315,0.21946,0.22247,86370875.0
2025-08-27 18:00:00,0.22247,0.22339,0.21862,0.22022,81417990.0
2025-08-27 20:00:00,0.22022,0.22388,0.21824,0.22036,298787395.0
2025-08-27 22:00:00,0.22036,0.22093,0.21803,0.21892,78516926.0
2025-08-28 00:00:00,0.21891,0.22173,0.21668,0.22108,144057739.0
2025-08-28 02:00:00,0.22109,0.22162,0.21968,0.22128,59391952.0
2025-08-28 04:00:00,0.22128,0.22555,0.22092,0.22313,128605333.0
2025-08-28 06:00:00,0.22313,0.2243,0.22275,0.22398,71303381.0
2025-08-28 08:00:00,0.22398,0.22597,0.2225,0.22294,87442113.0
2025-08-28 10:00:00,0.22293,0.22405,0.22258,0.2239,28775658.0
2025-08-28 12:00:00,0.2239,0.22518,0.22273,0.22339,94932474.0
2025-08-28 14:00:00,0.22338,0.22483,0.22013,0.2212,103310099.0
2025-08-28 16:00:00,0.22121,0.22338,0.2193,0.22143,77466592.0
2025-08-28 18:00:00,0.22144,0.22352,0.21963,0.21965,48911384.0
2025-08-28 20:00:00,0.21965,0.22227,0.21918,0.22208,38558720.0
2025-08-28 22:00:00,0.22208,0.22486,0.22208,0.22437,75317415.0
2025-08-29 00:00:00,0.22438,0.22539,0.21948,0.22046,93203111.0
2025-08-29 02:00:00,0.22045,0.22397,0.22012,0.22258,65171220.0
2025-08-29 04:00:00,0.22258,0.22294,0.21995,0.22049,45113655.0
2025-08-29 06:00:00,0.2205,0.22075,0.21428,0.21462,235878248.0
2025-08-29 08:00:00,0.21463,0.21549,0.2117,0.21411,131722810.0
2025-08-29 10:00:00,0.21411,0.21584,0.21395,0.2148,62910494.0
2025-08-29 12:00:00,0.21479,0.22102,0.21365,0.21471,251095132.0
2025-08-29 14:00:00,0.21472,0.21603,0.21216,0.21329,165604536.0
2025-08-29 16:00:00,0.21329,0.21433,0.21066,0.21129,134956690.0
2025-08-29 18:00:00,0.2113,0.21293,0.20977,0.21203,106824434.0
2025-08-29 20:00:00,0.21203,0.21316,0.20981,0.21283,92243673.0
2025-08-29 22:00:00,0.21283,0.2146,0.21169,0.21391,40052795.0
2025-08-30 00:00:00,0.21391,0.21493,0.21137,0.21163,77545787.0
2025-08-30 02:00:00,0.21164,0.21885,0.21126,0.21764,120402846.0
2025-08-30 04:00:00,0.21765,0.21828,0.21642,0.21655,53825733.0
2025-08-30 06:00:00,0.21656,0.21729,0.21603,0.21729,40586812.0
2025-08-30 08:00:00,0.2173,0.21768,0.21531,0.21569,46978404.0
2025-08-30 10:00:00,0.21569,0.21636,0.2148,0.21588,31817492.0
2025-08-30 12:00:00,0.21589,0.21607,0.21283,0.21525,62999783.0
2025-08-30 14:00:00,0.21526,0.21672,0.21431,0.21603,41031612.0
2025-08-30 16:00:00,0.21603,0.21605,0.21464,0.21516,20440382.0
2025-08-30 18:00:00,0.21516,0.21552,0.21458,0.21541,13132158.0
2025-08-30 20:00:00,0.21542,0.21556,0.21446,0.2153,11825551.0
2025-08-30 22:00:00,0.2153,0.21612,0.21459,0.21595,18177131.0
2025-08-31 00:00:00,0.21595,0.21948,0.21595,0.21921,48099570.0
2025-08-31 02:00:00,0.21921,0.22134,0.21838,0.22062,73734820.0
2025-08-31 04:00:00,0.22063,0.22071,0.21782,0.2187,45707706.0
2025-08-31 06:00:00,0.21869,0.21883,0.2171,0.21798,35494948.0
2025-08-31 08:00:00,0.21799,0.21932,0.21743,0.21756,33833340.0
2025-08-31 10:00:00,0.21757,0.21838,0.21609,0.21837,46315765.0
2025-08-31 12:00:00,0.21836,0.21863,0.21686,0.21769,30919296.0
2025-08-31 14:00:00,0.21768,0.21858,0.21627,0.21857,30810796.0
2025-08-31 16:00:00,0.21857,0.21862,0.21698,0.2177,37008964.0
2025-08-31 18:00:00,0.2177,0.21862,0.21725,0.21732,17874660.0
2025-08-31 20:00:00,0.21733,0.21816,0.21682,0.21777,16689173.0
2025-08-31 22:00:00,0.21777,0.21789,0.21327,0.21371,74474027.0
2025-09-01 00:00:00,0.21371,0.2141,0.21097,0.21275,101517110.0
2025-09-01 02:00:00,0.21276,0.21289,0.20885,0.21046,133822871.0
2025-09-01 04:00:00,0.21045,0.21094,0.2082,0.21029,114927322.0
2025-09-01 06:00:00,0.21028,0.21805,0.20916,0.218,172768691.0
2025-09-01 08:00:00,0.218,0.21988,0.21616,0.218,169928521.0
2025-09-01 10:00:00,0.218,0.21864,0.21514,0.21595,103722112.0
2025-09-01 12:00:00,0.21595,0.21716,0.2142,0.21457,88789301.0
2025-09-01 14:00:00,0.21457,0.21631,0.21272,0.2134,110885533.0
2025-09-01 16:00:00,0.2134,0.2135,0.2102,0.21069,98288983.0
2025-09-01 18:00:00,0.21069,0.2133,0.21052,0.21237,45328988.0
2025-09-01 20:00:00,0.21238,0.21281,0.20476,0.20654,270910774.0
2025-09-01 22:00:00,0.20653,0.21114,0.20554,0.21073,111671552.0
2025-09-02 00:00:00,0.21074,0.2121,0.2092,0.21061,81791620.0
2025-09-02 02:00:00,0.2106,0.21416,0.20986,0.2134,77035101.0
2025-09-02 04:00:00,0.2134,0.21445,0.2127,0.2142,43679697.0
2025-09-02 06:00:00,0.21421,0.2149,0.21168,0.21227,69751391.0
2025-09-02 08:00:00,0.21226,0.2141,0.21218,0.21343,65613447.0
2025-09-02 10:00:00,0.21344,0.21358,0.21114,0.21151,43261753.0
2025-09-02 12:00:00,0.21151,0.21358,0.20658,0.21284,271451284.0
2025-09-02 14:00:00,0.21283,0.21397,0.20892,0.20939,132532336.0
2025-09-02 16:00:00,0.20938,0.21322,0.20933,0.21224,57816549.0
2025-09-02 18:00:00,0.21224,0.21259,0.20974,0.21125,52863342.0
2025-09-02 20:00:00,0.21124,0.21557,0.2108,0.21497,84006874.0
2025-09-02 22:00:00,0.21497,0.21547,0.21374,0.21489,51557102.0
2025-09-03 00:00:00,0.21489,0.21549,0.21249,0.21491,71386967.0
2025-09-03 02:00:00,0.2149,0.21686,0.21387,0.21531,98433899.0
2025-09-03 04:00:00,0.2153,0.21561,0.21417,0.21461,40949444.0
2025-09-03 06:00:00,0.21462,0.21637,0.21409,0.21608,65839377.0
2025-09-03 08:00:00,0.21608,0.21724,0.21471,0.21643,52688839.0
2025-09-03 10:00:00,0.21643,0.21723,0.21587,0.21642,58612451.0
2025-09-03 12:00:00,0.21642,0.21891,0.2151,0.217,77347190.0
2025-09-03 14:00:00,0.217,0.21967,0.21668,0.21889,101336153.0
2025-09-03 16:00:00,0.21888,0.21991,0.21741,0.2193,64792479.0
2025-09-03 18:00:00,0.2193,0.22141,0.21863,0.22122,64758572.0
2025-09-03 20:00:00,0.22122,0.22351,0.22053,0.22104,78477725.0
2025-09-03 22:00:00,0.22103,0.22248,0.22026,0.2203,50281497.0
2025-09-04 00:00:00,0.2203,0.22111,0.21846,0.21924,66437752.0
2025-09-04 02:00:00,0.21924,0.21931,0.21594,0.21642,65334656.0
2025-09-04 04:00:00,0.21642,0.21735,0.21448,0.21547,78416169.0
2025-09-04 06:00:00,0.21548,0.21549,0.21413,0.21527,51849167.0
2025-09-04 08:00:00,0.21527,0.21642,0.21478,0.21559,34555264.0
2025-09-04 10:00:00,0.2156,0.21661,0.21525,0.21559,37515104.0
2025-09-04 12:00:00,0.21559,0.21702,0.21493,0.21535,53281565.0
2025-09-04 14:00:00,0.21535,0.21548,0.21162,0.21232,132406812.0
2025-09-04 16:00:00,0.21231,0.21354,0.21162,0.21196,49182401.0
2025-09-04 18:00:00,0.21197,0.21314,0.21047,0.21074,43945702.0
2025-09-04 20:00:00,0.21074,0.21298,0.21056,0.21276,33030887.0
2025-09-04 22:00:00,0.21276,0.21471,0.21226,0.21241,43517375.0
2025-09-05 00:00:00,0.21241,0.21453,0.21182,0.21415,47848888.0
2025-09-05 02:00:00,0.21416,0.21502,0.21287,0.21427,37330028.0
2025-09-05 04:00:00,0.21428,0.21459,0.2135,0.21429,24386977.0
2025-09-05 06:00:00,0.21429,0.21838,0.2137,0.21808,95713295.0
2025-09-05 08:00:00,0.21808,0.21814,0.21529,0.21652,65477406.0
2025-09-05 10:00:00,0.21652,0.2173,0.21603,0.21677,51689928.0
2025-09-05 12:00:00,0.21676,0.22097,0.21634,0.22012,294157662.0
2025-09-05 14:00:00,0.22012,0.22014,0.21241,0.21421,279586187.0
2025-09-05 16:00:00,0.2142,0.21531,0.21366,0.21467,38076209.0
2025-09-05 18:00:00,0.21467,0.21735,0.21403,0.2173,45024716.0
2025-09-05 20:00:00,0.2173,0.22019,0.21702,0.21789,153366770.0
2025-09-05 22:00:00,0.2179,0.21887,0.21716,0.21788,43965646.0
2025-09-06 00:00:00,0.21788,0.21888,0.21748,0.21773,30307848.0
2025-09-06 02:00:00,0.21774,0.21827,0.21687,0.21772,29448818.0
2025-09-06 04:00:00,0.21772,0.21786,0.21523,0.21545,38909500.0
2025-09-06 06:00:00,0.21546,0.2161,0.21533,0.21588,30082661.0
2025-09-06 08:00:00,0.21589,0.21601,0.21421,0.21431,67403682.0
2025-09-06 10:00:00,0.2143,0.21478,0.21396,0.21427,23704907.0
2025-09-06 12:00:00,0.21427,0.2145,0.21334,0.21425,32357792.0
2025-09-06 14:00:00,0.21426,0.21585,0.2137,0.21388,57098682.0
2025-09-06 16:00:00,0.21388,0.21546,0.2135,0.21375,41083055.0
2025-09-06 18:00:00,0.21374,0.21437,0.21225,0.21284,30151899.0
2025-09-06 20:00:00,0.21284,0.21514,0.21274,0.21514,30610198.0
2025-09-06 22:00:00,0.21513,0.21805,0.21496,0.21595,71795593.0
2025-09-07 00:00:00,0.21595,0.21724,0.21568,0.21689,24935208.0
2025-09-07 02:00:00,0.21688,0.21743,0.21632,0.21651,19511384.0
2025-09-07 04:00:00,0.21652,0.21764,0.21613,0.2175,18281296.0
2025-09-07 06:00:00,0.21749,0.21766,0.21656,0.21729,28157976.0
2025-09-07 08:00:00,0.21729,0.21821,0.21693,0.21742,32287354.0
2025-09-07 10:00:00,0.21741,0.21951,0.21731,0.21923,34867890.0
2025-09-07 12:00:00,0.21924,0.21943,0.21829,0.21914,51425711.0
2025-09-07 14:00:00,0.21913,0.22518,0.21881,0.22368,345668291.0
2025-09-07 16:00:00,0.22368,0.22463,0.22136,0.2214,70958081.0
2025-09-07 18:00:00,0.2214,0.22275,0.22026,0.22229,43685074.0
2025-09-07 20:00:00,0.22228,0.22434,0.22218,0.2238,42569632.0
2025-09-07 22:00:00,0.22379,0.22926,0.22371,0.22877,170179174.0
2025-09-08 00:00:00,0.22876,0.22894,0.22653,0.22793,146729889.0
2025-09-08 02:00:00,0.22793,0.235,0.22728,0.23171,267007690.0
2025-09-08 04:00:00,0.2317,0.23279,0.23047,0.2325,108037027.0
2025-09-08 06:00:00,0.23251,0.23281,0.23133,0.232,37036977.0
